** Drc report for sony-5.1-revival.kicad_pcb **
** Created on 2026-09-07T01:26:49 **
** Report includes: Errors, Warnings **

** Found 477 DRC violations **
[diff_pair_gap_out_of_range]: Differential pair gap out of range (netclass 'Default' (diff pair) minimum gap 0.0000 mm; actual -0.3000 mm)
    Rule: netclass 'Default' (diff pair); error
    @(218.0000 mm, 170.5000 mm): Track [OUT_C_P] on F.Cu, length 4.0000 mm
    @(150.2000 mm, 172.0000 mm): Track [OUT_C_N] on F.Cu, length 90.3400 mm
[solder_mask_bridge]: Front solder mask aperture bridges items with different nets
    Rule: board setup solder mask min width; error
    @(68.2500 mm, 168.0000 mm): Track [AC_LIVE] on F.Cu, length 21.9498 mm
    @(80.0000 mm, 149.4600 mm): PTH pad 3 [AC_NEUTRAL] of BR1
[solder_mask_bridge]: Front solder mask aperture bridges items with different nets
    Rule: board setup solder mask min width; error
    @(65.0800 mm, 186.0000 mm): Track [AC_NEUTRAL] on F.Cu, length 20.9248 mm
    @(65.0800 mm, 186.0000 mm): PTH pad 1 [AC_LIVE] of J_AC
[solder_mask_bridge]: Front solder mask aperture bridges items with different nets
    Rule: board setup solder mask min width; error
    @(109.4000 mm, 62.5000 mm): Track [J_AUX_L] on F.Cu, length 23.7700 mm
    @(109.4000 mm, 80.5550 mm): Pad 1 [BT_OUT_R] of U_MUX on F.Cu
[solder_mask_bridge]: Front solder mask aperture bridges items with different nets
    Rule: board setup solder mask min width; error
    @(112.2000 mm, 156.0000 mm): Track [OUT_FL_P] on F.Cu, length 105.8000 mm
    @(218.0000 mm, 158.5000 mm): Pad 1 [OUT_SR_P] of PF_SR on F.Cu
[solder_mask_bridge]: Front solder mask aperture bridges items with different nets
    Rule: board setup solder mask min width; error
    @(75.7500 mm, 168.0000 mm): Track [AC_NEUTRAL] on F.Cu, length 14.1150 mm
    @(80.0000 mm, 159.6200 mm): PTH pad 1 [VCC_24V_RAW] of BR1
[solder_mask_bridge]: Front solder mask aperture bridges items with different nets
    Rule: board setup solder mask min width; error
    @(109.4000 mm, 62.5000 mm): Track [J_AUX_L] on F.Cu, length 23.7700 mm
    @(109.4000 mm, 81.8250 mm): Pad 2 [USB_R] of U_MUX on F.Cu
[solder_mask_bridge]: Front solder mask aperture bridges items with different nets
    Rule: board setup solder mask min width; error
    @(75.7500 mm, 168.0000 mm): Track [AC_NEUTRAL] on F.Cu, length 14.1150 mm
    @(80.0000 mm, 154.5400 mm): PTH pad 2 [AC_LIVE] of BR1
[solder_mask_bridge]: Front solder mask aperture bridges items with different nets
    Rule: board setup solder mask min width; error
    @(109.4000 mm, 62.5000 mm): Track [J_AUX_L] on F.Cu, length 23.7700 mm
    @(109.4000 mm, 83.0950 mm): Pad 3 [AUDIO_R_RAW] of U_MUX on F.Cu
[solder_mask_bridge]: Front solder mask aperture bridges items with different nets
    Rule: board setup solder mask min width; error
    @(112.2000 mm, 156.0000 mm): Track [OUT_FL_P] on F.Cu, length 105.8000 mm
    @(115.8000 mm, 156.0000 mm): Pad 1 [OUT_FL_N] of L2 on F.Cu
[solder_mask_bridge]: Front solder mask aperture bridges items with different nets
    Rule: board setup solder mask min width; error
    @(240.0000 mm, 81.1600 mm): Track [SPI_MOSI] on F.Cu, length 23.1600 mm
    @(240.0000 mm, 75.0000 mm): PTH pad 3 [ENC_SW] of J_ENC
[solder_mask_bridge]: Front solder mask aperture bridges items with different nets
    Rule: board setup solder mask min width; error
    @(80.0000 mm, 144.3800 mm): Track [VCC_24V_RAW] on F.Cu, length 18.5706 mm
    @(80.0000 mm, 144.3800 mm): PTH pad 4 [GND] of BR1
[solder_mask_bridge]: Front solder mask aperture bridges items with different nets
    Rule: board setup solder mask min width; error
    @(109.4000 mm, 62.5000 mm): Track [J_AUX_L] on F.Cu, length 23.7700 mm
    @(109.4000 mm, 84.3650 mm): Pad 4 [GND] of U_MUX on F.Cu
[solder_mask_bridge]: Front solder mask aperture bridges items with different nets
    Rule: board setup solder mask min width; error
    @(112.2000 mm, 156.0000 mm): Track [OUT_FL_P] on F.Cu, length 105.8000 mm
    @(124.2000 mm, 156.0000 mm): Pad 2 [OUT_FL_N] of L2 on F.Cu
[solder_mask_bridge]: Front solder mask aperture bridges items with different nets
    Rule: board setup solder mask min width; error
    @(109.4000 mm, 62.5000 mm): Track [J_AUX_L] on F.Cu, length 23.7700 mm
    @(109.4000 mm, 85.6350 mm): Pad 5 [J_AUX_R] of U_MUX on F.Cu
[solder_mask_bridge]: Front solder mask aperture bridges items with different nets
    Rule: board setup solder mask min width; error
    @(221.0000 mm, 81.1600 mm): Track [SPI_MOSI] on F.Cu, length 89.0000 mm
    @(203.0000 mm, 80.9300 mm): Pad 10 [GND] of U_MCU on F.Cu
[solder_mask_bridge]: Front solder mask aperture bridges items with different nets
    Rule: board setup solder mask min width; error
    @(71.2500 mm, 122.0000 mm): Track [VCC_24V_RAW] on F.Cu, length 134.7500 mm
    @(206.0000 mm, 122.0000 mm): PTH pad 4 [VCC_24V] of K1
[solder_mask_bridge]: Front solder mask aperture bridges items with different nets
    Rule: board setup solder mask min width; error
    @(221.0000 mm, 81.1600 mm): Track [SPI_MOSI] on F.Cu, length 89.0000 mm
    @(134.6000 mm, 81.1900 mm): Pad 14 [VCC_5V] of U_VOL on F.Cu
[solder_mask_bridge]: Front solder mask aperture bridges items with different nets
    Rule: board setup solder mask min width; error
    @(112.2000 mm, 156.0000 mm): Track [OUT_FL_P] on F.Cu, length 105.8000 mm
    @(129.8000 mm, 156.0000 mm): Pad 1 [OUT_FR_P] of L3 on F.Cu
[solder_mask_bridge]: Front solder mask aperture bridges items with different nets
    Rule: board setup solder mask min width; error
    @(109.4000 mm, 60.0000 mm): Track [J_AUX_R] on F.Cu, length 27.5400 mm
    @(109.4000 mm, 80.5550 mm): Pad 1 [BT_OUT_R] of U_MUX on F.Cu
[solder_mask_bridge]: Front solder mask aperture bridges items with different nets
    Rule: board setup solder mask min width; error
    @(221.0000 mm, 77.3500 mm): Track [SPI_MISO] on F.Cu, length 89.0000 mm
    @(203.0000 mm, 77.1200 mm): Pad 7 [GND] of U_MCU on F.Cu
[solder_mask_bridge]: Front solder mask aperture bridges items with different nets
    Rule: board setup solder mask min width; error
    @(71.2500 mm, 122.0000 mm): Track [VCC_24V_RAW] on F.Cu, length 134.7500 mm
    @(116.8000 mm, 123.1250 mm): Pad 1 [GND] of U_AMP1 on F.Cu
[solder_mask_bridge]: Front solder mask aperture bridges items with different nets
    Rule: board setup solder mask min width; error
    @(112.2000 mm, 156.0000 mm): Track [OUT_FL_P] on F.Cu, length 105.8000 mm
    @(138.2000 mm, 156.0000 mm): Pad 2 [OUT_FR_P] of L3 on F.Cu
[solder_mask_bridge]: Front solder mask aperture bridges items with different nets
    Rule: board setup solder mask min width; error
    @(221.0000 mm, 77.3500 mm): Track [SPI_MISO] on F.Cu, length 89.0000 mm
    @(212.0000 mm, 77.0000 mm): Pad 39 [GND] of U_MCU on F.Cu
[solder_mask_bridge]: Front solder mask aperture bridges items with different nets
    Rule: board setup solder mask min width; error
    @(109.4000 mm, 60.0000 mm): Track [J_AUX_R] on F.Cu, length 27.5400 mm
    @(109.4000 mm, 81.8250 mm): Pad 2 [USB_R] of U_MUX on F.Cu
[solder_mask_bridge]: Front solder mask aperture bridges items with different nets
    Rule: board setup solder mask min width; error
    @(71.2500 mm, 122.0000 mm): Track [VCC_24V_RAW] on F.Cu, length 134.7500 mm
    @(123.2000 mm, 123.1250 mm): Pad 32 [OUT_FR_N] of U_AMP1 on F.Cu
[solder_mask_bridge]: Front solder mask aperture bridges items with different nets
    Rule: board setup solder mask min width; error
    @(109.4000 mm, 60.0000 mm): Track [J_AUX_R] on F.Cu, length 27.5400 mm
    @(109.4000 mm, 83.0950 mm): Pad 3 [AUDIO_R_RAW] of U_MUX on F.Cu
[solder_mask_bridge]: Front solder mask aperture bridges items with different nets
    Rule: board setup solder mask min width; error
    @(242.5400 mm, 58.0000 mm): PTH pad 5 [VCC_3V3] of J_OLED
    @(245.0000 mm, 55.0000 mm): PTH pad 1 [GND] of H
[solder_mask_bridge]: Front solder mask aperture bridges items with different nets
    Rule: board setup solder mask min width; error
    @(112.2000 mm, 156.0000 mm): Track [OUT_FL_P] on F.Cu, length 105.8000 mm
    @(141.8000 mm, 156.0000 mm): Pad 1 [OUT_FR_N] of L4 on F.Cu
[solder_mask_bridge]: Front solder mask aperture bridges items with different nets
    Rule: board setup solder mask min width; error
    @(216.5000 mm, 87.5000 mm): Track [VOL_CS] on F.Cu, length 87.1000 mm
    @(206.3000 mm, 87.5000 mm): Pad 15 [RELAY_CTRL] of U_MCU on F.Cu
[solder_mask_bridge]: Front solder mask aperture bridges items with different nets
    Rule: board setup solder mask min width; error
    @(71.2500 mm, 122.0000 mm): Track [VCC_24V_RAW] on F.Cu, length 134.7500 mm
    @(146.8000 mm, 123.1250 mm): Pad 1 [GND] of U_AMP2 on F.Cu
[solder_mask_bridge]: Front solder mask aperture bridges items with different nets
    Rule: board setup solder mask min width; error
    @(112.2000 mm, 156.0000 mm): Track [OUT_FL_P] on F.Cu, length 105.8000 mm
    @(150.2000 mm, 156.0000 mm): Pad 2 [OUT_FR_N] of L4 on F.Cu
[solder_mask_bridge]: Rear solder mask aperture bridges items with different nets
    Rule: board setup solder mask min width; error
    @(242.5400 mm, 58.0000 mm): PTH pad 5 [VCC_3V3] of J_OLED
    @(245.0000 mm, 55.0000 mm): PTH pad 1 [GND] of H
[solder_mask_bridge]: Front solder mask aperture bridges items with different nets
    Rule: board setup solder mask min width; error
    @(71.2500 mm, 122.0000 mm): Track [VCC_24V_RAW] on F.Cu, length 134.7500 mm
    @(153.2000 mm, 123.1250 mm): Pad 32 [OUT_SR_N] of U_AMP2 on F.Cu
[solder_mask_bridge]: Front solder mask aperture bridges items with different nets
    Rule: board setup solder mask min width; error
    @(245.0800 mm, 58.0000 mm): PTH pad 6 [OLED_DC] of J_OLED
    @(245.0000 mm, 55.0000 mm): PTH pad 1 [GND] of H
[solder_mask_bridge]: Front solder mask aperture bridges items with different nets
    Rule: board setup solder mask min width; error
    @(109.4000 mm, 60.0000 mm): Track [J_AUX_R] on F.Cu, length 27.5400 mm
    @(109.4000 mm, 84.3650 mm): Pad 4 [GND] of U_MUX on F.Cu
[solder_mask_bridge]: Rear solder mask aperture bridges items with different nets
    Rule: board setup solder mask min width; error
    @(245.0800 mm, 58.0000 mm): PTH pad 6 [OLED_DC] of J_OLED
    @(245.0000 mm, 55.0000 mm): PTH pad 1 [GND] of H
[solder_mask_bridge]: Front solder mask aperture bridges items with different nets
    Rule: board setup solder mask min width; error
    @(71.2500 mm, 122.0000 mm): Track [VCC_24V_RAW] on F.Cu, length 134.7500 mm
    @(176.8000 mm, 123.1250 mm): Pad 1 [GND] of U_AMP3 on F.Cu
[solder_mask_bridge]: Front solder mask aperture bridges items with different nets
    Rule: board setup solder mask min width; error
    @(247.6200 mm, 58.0000 mm): PTH pad 7 [OLED_CS] of J_OLED
    @(245.0000 mm, 55.0000 mm): PTH pad 1 [GND] of H
[solder_mask_bridge]: Front solder mask aperture bridges items with different nets
    Rule: board setup solder mask min width; error
    @(216.5000 mm, 87.5000 mm): Track [VOL_CS] on F.Cu, length 87.1000 mm
    @(207.5700 mm, 87.5000 mm): Pad 16 [GND] of U_MCU on F.Cu
[solder_mask_bridge]: Front solder mask aperture bridges items with different nets
    Rule: board setup solder mask min width; error
    @(112.2000 mm, 156.0000 mm): Track [OUT_FL_P] on F.Cu, length 105.8000 mm
    @(155.8000 mm, 156.0000 mm): Pad 1 [OUT_SL_P] of L5 on F.Cu
[solder_mask_bridge]: Front solder mask aperture bridges items with different nets
    Rule: board setup solder mask min width; error
    @(109.4000 mm, 60.0000 mm): Track [J_AUX_R] on F.Cu, length 27.5400 mm
    @(109.4000 mm, 86.9050 mm): Pad 6 [GND] of U_MUX on F.Cu
[solder_mask_bridge]: Front solder mask aperture bridges items with different nets
    Rule: board setup solder mask min width; error
    @(216.5000 mm, 87.5000 mm): Track [VOL_CS] on F.Cu, length 87.1000 mm
    @(208.8400 mm, 87.5000 mm): Pad 17 [GND] of U_MCU on F.Cu
[solder_mask_bridge]: Front solder mask aperture bridges items with different nets
    Rule: board setup solder mask min width; error
    @(71.2500 mm, 122.0000 mm): Track [VCC_24V_RAW] on F.Cu, length 134.7500 mm
    @(183.2000 mm, 123.1250 mm): Pad 32 [OUT_SUB_N] of U_AMP3 on F.Cu
[solder_mask_bridge]: Front solder mask aperture bridges items with different nets
    Rule: board setup solder mask min width; error
    @(216.5000 mm, 87.5000 mm): Track [VOL_CS] on F.Cu, length 87.1000 mm
    @(210.1100 mm, 87.5000 mm): Pad 18 [GND] of U_MCU on F.Cu
[solder_mask_bridge]: Front solder mask aperture bridges items with different nets
    Rule: board setup solder mask min width; error
    @(109.4000 mm, 53.1100 mm): Track [BT_OUT_L] on F.Cu, length 30.6200 mm
    @(109.4000 mm, 80.5550 mm): Pad 1 [BT_OUT_R] of U_MUX on F.Cu
[solder_mask_bridge]: Front solder mask aperture bridges items with different nets
    Rule: board setup solder mask min width; error
    @(194.0000 mm, 134.0000 mm): Track [VCC_24V] on F.Cu, length 11.1571 mm
    @(194.0000 mm, 134.0000 mm): PTH pad 1 [VCC_5V] of K1
[solder_mask_bridge]: Front solder mask aperture bridges items with different nets
    Rule: board setup solder mask min width; error
    @(216.5000 mm, 87.5000 mm): Track [VOL_CS] on F.Cu, length 87.1000 mm
    @(211.3800 mm, 87.5000 mm): Pad 19 [OLED_DC] of U_MCU on F.Cu
[solder_mask_bridge]: Front solder mask aperture bridges items with different nets
    Rule: board setup solder mask min width; error
    @(194.0000 mm, 134.0000 mm): Track [VCC_24V] on F.Cu, length 11.1571 mm
    @(183.2000 mm, 130.2750 mm): Pad 21 [OUT_C_P] of U_AMP3 on F.Cu
[solder_mask_bridge]: Front solder mask aperture bridges items with different nets
    Rule: board setup solder mask min width; error
    @(109.4000 mm, 53.1100 mm): Track [BT_OUT_L] on F.Cu, length 30.6200 mm
    @(109.4000 mm, 81.8250 mm): Pad 2 [USB_R] of U_MUX on F.Cu
[solder_mask_bridge]: Front solder mask aperture bridges items with different nets
    Rule: board setup solder mask min width; error
    @(216.5000 mm, 87.5000 mm): Track [VOL_CS] on F.Cu, length 87.1000 mm
    @(212.6500 mm, 87.5000 mm): Pad 20 [OLED_CS] of U_MCU on F.Cu
[solder_mask_bridge]: Front solder mask aperture bridges items with different nets
    Rule: board setup solder mask min width; error
    @(194.0000 mm, 134.0000 mm): Track [VCC_24V] on F.Cu, length 11.1571 mm
    @(183.2000 mm, 130.9250 mm): Pad 20 [OUT_C_P] of U_AMP3 on F.Cu
[solder_mask_bridge]: Front solder mask aperture bridges items with different nets
    Rule: board setup solder mask min width; error
    @(109.4000 mm, 53.1100 mm): Track [BT_OUT_L] on F.Cu, length 30.6200 mm
    @(109.4000 mm, 83.0950 mm): Pad 3 [AUDIO_R_RAW] of U_MUX on F.Cu
[solder_mask_bridge]: Front solder mask aperture bridges items with different nets
    Rule: board setup solder mask min width; error
    @(216.5000 mm, 87.5000 mm): Track [VOL_CS] on F.Cu, length 87.1000 mm
    @(213.9200 mm, 87.5000 mm): Pad 21 [GND] of U_MCU on F.Cu
[solder_mask_bridge]: Front solder mask aperture bridges items with different nets
    Rule: board setup solder mask min width; error
    @(194.0000 mm, 134.0000 mm): Track [VCC_24V] on F.Cu, length 11.1571 mm
    @(183.2000 mm, 131.5750 mm): Pad 19 [GND] of U_AMP3 on F.Cu
[solder_mask_bridge]: Front solder mask aperture bridges items with different nets
    Rule: board setup solder mask min width; error
    @(109.4000 mm, 55.6500 mm): Track [BT_OUT_R] on F.Cu, length 29.3500 mm
    @(109.4000 mm, 81.8250 mm): Pad 2 [USB_R] of U_MUX on F.Cu
[solder_mask_bridge]: Front solder mask aperture bridges items with different nets
    Rule: board setup solder mask min width; error
    @(216.5000 mm, 87.5000 mm): Track [VOL_CS] on F.Cu, length 87.1000 mm
    @(215.1900 mm, 87.5000 mm): Pad 22 [GND] of U_MCU on F.Cu
[solder_mask_bridge]: Front solder mask aperture bridges items with different nets
    Rule: board setup solder mask min width; error
    @(194.0000 mm, 134.0000 mm): Track [VCC_24V] on F.Cu, length 11.1571 mm
    @(183.2000 mm, 132.2250 mm): Pad 18 [OUT_C_N] of U_AMP3 on F.Cu
[solder_mask_bridge]: Front solder mask aperture bridges items with different nets
    Rule: board setup solder mask min width; error
    @(109.4000 mm, 55.6500 mm): Track [BT_OUT_R] on F.Cu, length 29.3500 mm
    @(109.4000 mm, 83.0950 mm): Pad 3 [AUDIO_R_RAW] of U_MUX on F.Cu
[solder_mask_bridge]: Front solder mask aperture bridges items with different nets
    Rule: board setup solder mask min width; error
    @(216.5000 mm, 87.5000 mm): Track [VOL_CS] on F.Cu, length 87.1000 mm
    @(129.4000 mm, 87.5400 mm): Pad 6 [VOL_L] of U_VOL on F.Cu
[solder_mask_bridge]: Front solder mask aperture bridges items with different nets
    Rule: board setup solder mask min width; error
    @(194.0000 mm, 134.0000 mm): Track [VCC_24V] on F.Cu, length 11.1571 mm
    @(183.2000 mm, 132.8750 mm): Pad 17 [GND] of U_AMP3 on F.Cu
[solder_mask_bridge]: Front solder mask aperture bridges items with different nets
    Rule: board setup solder mask min width; error
    @(109.4000 mm, 55.6500 mm): Track [BT_OUT_R] on F.Cu, length 29.3500 mm
    @(109.4000 mm, 84.3650 mm): Pad 4 [GND] of U_MUX on F.Cu
[solder_mask_bridge]: Front solder mask aperture bridges items with different nets
    Rule: board setup solder mask min width; error
    @(216.5000 mm, 87.5000 mm): Track [VOL_CS] on F.Cu, length 87.1000 mm
    @(134.6000 mm, 87.5400 mm): Pad 9 [VOL_R] of U_VOL on F.Cu
[solder_mask_bridge]: Front solder mask aperture bridges items with different nets
    Rule: board setup solder mask min width; error
    @(183.2000 mm, 131.2000 mm): Track [VCC_24V] on F.Cu, length 30.0000 mm
    @(153.2000 mm, 130.2750 mm): Pad 21 [OUT_SL_P] of U_AMP2 on F.Cu
[solder_mask_bridge]: Front solder mask aperture bridges items with different nets
    Rule: board setup solder mask min width; error
    @(122.0000 mm, 60.0000 mm): Track [USB_L] on F.Cu, length 7.4000 mm
    @(116.9200 mm, 60.0000 mm): PTH pad 1 [VCC_5V] of J_USB_IN
[solder_mask_bridge]: Front solder mask aperture bridges items with different nets
    Rule: board setup solder mask min width; error
    @(183.2000 mm, 131.2000 mm): Track [VCC_24V] on F.Cu, length 30.0000 mm
    @(153.2000 mm, 130.9250 mm): Pad 20 [OUT_SL_P] of U_AMP2 on F.Cu
[solder_mask_bridge]: Front solder mask aperture bridges items with different nets
    Rule: board setup solder mask min width; error
    @(112.2000 mm, 156.0000 mm): Track [OUT_FL_P] on F.Cu, length 105.8000 mm
    @(164.2000 mm, 156.0000 mm): Pad 2 [OUT_SL_P] of L5 on F.Cu
[solder_mask_bridge]: Front solder mask aperture bridges items with different nets
    Rule: board setup solder mask min width; error
    @(122.0000 mm, 60.0000 mm): Track [USB_L] on F.Cu, length 7.4000 mm
    @(119.4600 mm, 60.0000 mm): PTH pad 2 [GND] of J_USB_IN
[solder_mask_bridge]: Front solder mask aperture bridges items with different nets
    Rule: board setup solder mask min width; error
    @(112.2000 mm, 156.0000 mm): Track [OUT_FL_P] on F.Cu, length 105.8000 mm
    @(167.8000 mm, 156.0000 mm): Pad 1 [OUT_SL_N] of L6 on F.Cu
[solder_mask_bridge]: Front solder mask aperture bridges items with different nets
    Rule: board setup solder mask min width; error
    @(114.6000 mm, 60.0000 mm): Track [USB_L] on F.Cu, length 26.2700 mm
    @(114.6000 mm, 84.3650 mm): Pad 13 [AUDIO_L_RAW] of U_MUX on F.Cu
[solder_mask_bridge]: Rear solder mask aperture bridges items with different nets
    Rule: board setup solder mask min width; error
    @(247.6200 mm, 58.0000 mm): PTH pad 7 [OLED_CS] of J_OLED
    @(245.0000 mm, 55.0000 mm): PTH pad 1 [GND] of H
[solder_mask_bridge]: Front solder mask aperture bridges items with different nets
    Rule: board setup solder mask min width; error
    @(114.6000 mm, 60.0000 mm): Track [USB_L] on F.Cu, length 26.2700 mm
    @(114.6000 mm, 85.6350 mm): Pad 12 [BT_OUT_L] of U_MUX on F.Cu
[solder_mask_bridge]: Front solder mask aperture bridges items with different nets
    Rule: board setup solder mask min width; error
    @(112.2000 mm, 156.0000 mm): Track [OUT_FL_P] on F.Cu, length 105.8000 mm
    @(176.2000 mm, 156.0000 mm): Pad 2 [OUT_SL_N] of L6 on F.Cu
[solder_mask_bridge]: Front solder mask aperture bridges items with different nets
    Rule: board setup solder mask min width; error
    @(114.6000 mm, 60.0000 mm): Track [USB_L] on F.Cu, length 26.2700 mm
    @(114.6000 mm, 80.5550 mm): Pad 16 [VCC_24V] of U_MUX on F.Cu
[solder_mask_bridge]: Front solder mask aperture bridges items with different nets
    Rule: board setup solder mask min width; error
    @(114.6000 mm, 60.0000 mm): Track [USB_L] on F.Cu, length 26.2700 mm
    @(114.6000 mm, 83.0950 mm): Pad 14 [J_AUX_L] of U_MUX on F.Cu
[solder_mask_bridge]: Front solder mask aperture bridges items with different nets
    Rule: board setup solder mask min width; error
    @(218.0000 mm, 156.0000 mm): Track [OUT_FL_P] on F.Cu, length 33.5000 mm
    @(218.0000 mm, 134.5000 mm): Pad 1 [OUT_FR_P] of PF_FR on F.Cu
[solder_mask_bridge]: Front solder mask aperture bridges items with different nets
    Rule: board setup solder mask min width; error
    @(114.6000 mm, 62.5400 mm): Track [USB_R] on F.Cu, length 25.0000 mm
    @(114.6000 mm, 84.3650 mm): Pad 13 [AUDIO_L_RAW] of U_MUX on F.Cu
[solder_mask_bridge]: Front solder mask aperture bridges items with different nets
    Rule: board setup solder mask min width; error
    @(218.0000 mm, 156.0000 mm): Track [OUT_FL_P] on F.Cu, length 33.5000 mm
    @(218.0000 mm, 146.5000 mm): Pad 1 [OUT_SL_P] of PF_SL on F.Cu
[solder_mask_bridge]: Front solder mask aperture bridges items with different nets
    Rule: board setup solder mask min width; error
    @(114.6000 mm, 62.5400 mm): Track [USB_R] on F.Cu, length 25.0000 mm
    @(114.6000 mm, 85.6350 mm): Pad 12 [BT_OUT_L] of U_MUX on F.Cu
[solder_mask_bridge]: Front solder mask aperture bridges items with different nets
    Rule: board setup solder mask min width; error
    @(114.6000 mm, 62.5400 mm): Track [USB_R] on F.Cu, length 25.0000 mm
    @(114.6000 mm, 86.9050 mm): Pad 11 [GND] of U_MUX on F.Cu
[solder_mask_bridge]: Front solder mask aperture bridges items with different nets
    Rule: board setup solder mask min width; error
    @(218.0000 mm, 156.0000 mm): Track [OUT_FL_P] on F.Cu, length 33.5000 mm
    @(218.0000 mm, 158.5000 mm): Pad 1 [OUT_SR_P] of PF_SR on F.Cu
[solder_mask_bridge]: Front solder mask aperture bridges items with different nets
    Rule: board setup solder mask min width; error
    @(114.6000 mm, 62.5400 mm): Track [USB_R] on F.Cu, length 25.0000 mm
    @(114.6000 mm, 80.5550 mm): Pad 16 [VCC_24V] of U_MUX on F.Cu
[solder_mask_bridge]: Front solder mask aperture bridges items with different nets
    Rule: board setup solder mask min width; error
    @(129.4000 mm, 87.5000 mm): Track [VOL_CS] on F.Cu, length 4.4000 mm
    @(129.4000 mm, 83.7300 mm): Pad 3 [SPI_MOSI] of U_VOL on F.Cu
[solder_mask_bridge]: Front solder mask aperture bridges items with different nets
    Rule: board setup solder mask min width; error
    @(114.6000 mm, 62.5400 mm): Track [USB_R] on F.Cu, length 25.0000 mm
    @(114.6000 mm, 81.8250 mm): Pad 15 [USB_L] of U_MUX on F.Cu
[solder_mask_bridge]: Front solder mask aperture bridges items with different nets
    Rule: board setup solder mask min width; error
    @(114.6000 mm, 62.5400 mm): Track [USB_R] on F.Cu, length 25.0000 mm
    @(114.6000 mm, 83.0950 mm): Pad 14 [J_AUX_L] of U_MUX on F.Cu
[solder_mask_bridge]: Front solder mask aperture bridges items with different nets
    Rule: board setup solder mask min width; error
    @(124.2000 mm, 156.0000 mm): Track [OUT_FL_N] on F.Cu, length 116.3400 mm
    @(218.0000 mm, 158.5000 mm): Pad 1 [OUT_SR_P] of PF_SR on F.Cu
[solder_mask_bridge]: Front solder mask aperture bridges items with different nets
    Rule: board setup solder mask min width; error
    @(129.4000 mm, 87.5000 mm): Track [VOL_CS] on F.Cu, length 4.4000 mm
    @(129.4000 mm, 85.0000 mm): Pad 4 [GND] of U_VOL on F.Cu
[solder_mask_bridge]: Front solder mask aperture bridges items with different nets
    Rule: board setup solder mask min width; error
    @(124.2000 mm, 156.0000 mm): Track [OUT_FL_N] on F.Cu, length 116.3400 mm
    @(222.0000 mm, 158.5000 mm): Pad 2 [OUT_SR_P] of PF_SR on F.Cu
[solder_mask_bridge]: Front solder mask aperture bridges items with different nets
    Rule: board setup solder mask min width; error
    @(129.4000 mm, 87.5000 mm): Track [VOL_CS] on F.Cu, length 4.4000 mm
    @(129.4000 mm, 86.2700 mm): Pad 5 [AUDIO_L_RAW] of U_VOL on F.Cu
[solder_mask_bridge]: Front solder mask aperture bridges items with different nets
    Rule: board setup solder mask min width; error
    @(109.4000 mm, 83.7300 mm): Track [AUDIO_R_RAW] on F.Cu, length 25.2320 mm
    @(114.6000 mm, 84.3650 mm): Pad 13 [AUDIO_L_RAW] of U_MUX on F.Cu
[solder_mask_bridge]: Front solder mask aperture bridges items with different nets
    Rule: board setup solder mask min width; error
    @(129.4000 mm, 87.5000 mm): Track [VOL_CS] on F.Cu, length 4.4000 mm
    @(129.4000 mm, 87.5400 mm): Pad 6 [VOL_L] of U_VOL on F.Cu
[solder_mask_bridge]: Front solder mask aperture bridges items with different nets
    Rule: board setup solder mask min width; error
    @(211.5000 mm, 87.5000 mm): Track [OLED_DC] on F.Cu, length 28.5000 mm
    @(212.6500 mm, 87.5000 mm): Pad 20 [OLED_CS] of U_MCU on F.Cu
[solder_mask_bridge]: Front solder mask aperture bridges items with different nets
    Rule: board setup solder mask min width; error
    @(124.2000 mm, 156.0000 mm): Track [OUT_FL_N] on F.Cu, length 116.3400 mm
    @(129.8000 mm, 156.0000 mm): Pad 1 [OUT_FR_P] of L3 on F.Cu
[solder_mask_bridge]: Front solder mask aperture bridges items with different nets
    Rule: board setup solder mask min width; error
    @(211.5000 mm, 87.5000 mm): Track [OLED_DC] on F.Cu, length 28.5000 mm
    @(213.9200 mm, 87.5000 mm): Pad 21 [GND] of U_MCU on F.Cu
[solder_mask_bridge]: Front solder mask aperture bridges items with different nets
    Rule: board setup solder mask min width; error
    @(211.5000 mm, 87.5000 mm): Track [OLED_DC] on F.Cu, length 28.5000 mm
    @(215.1900 mm, 87.5000 mm): Pad 22 [GND] of U_MCU on F.Cu
[solder_mask_bridge]: Front solder mask aperture bridges items with different nets
    Rule: board setup solder mask min width; error
    @(124.2000 mm, 156.0000 mm): Track [OUT_FL_N] on F.Cu, length 116.3400 mm
    @(138.2000 mm, 156.0000 mm): Pad 2 [OUT_FR_P] of L3 on F.Cu
[solder_mask_bridge]: Front solder mask aperture bridges items with different nets
    Rule: board setup solder mask min width; error
    @(211.5000 mm, 87.5000 mm): Track [OLED_DC] on F.Cu, length 28.5000 mm
    @(216.4600 mm, 87.5000 mm): Pad 23 [VOL_CS] of U_MCU on F.Cu
[solder_mask_bridge]: Front solder mask aperture bridges items with different nets
    Rule: board setup solder mask min width; error
    @(124.2000 mm, 156.0000 mm): Track [OUT_FL_N] on F.Cu, length 116.3400 mm
    @(141.8000 mm, 156.0000 mm): Pad 1 [OUT_FR_N] of L4 on F.Cu
[solder_mask_bridge]: Front solder mask aperture bridges items with different nets
    Rule: board setup solder mask min width; error
    @(211.5000 mm, 87.5000 mm): Track [OLED_DC] on F.Cu, length 28.5000 mm
    @(217.7300 mm, 87.5000 mm): Pad 24 [MUX_A] of U_MCU on F.Cu
[solder_mask_bridge]: Front solder mask aperture bridges items with different nets
    Rule: board setup solder mask min width; error
    @(124.2000 mm, 156.0000 mm): Track [OUT_FL_N] on F.Cu, length 116.3400 mm
    @(150.2000 mm, 156.0000 mm): Pad 2 [OUT_FR_N] of L4 on F.Cu
[solder_mask_bridge]: Front solder mask aperture bridges items with different nets
    Rule: board setup solder mask min width; error
    @(240.0000 mm, 87.5000 mm): Track [OLED_DC] on F.Cu, length 24.4200 mm
    @(240.0000 mm, 75.0000 mm): PTH pad 3 [ENC_SW] of J_ENC
[solder_mask_bridge]: Front solder mask aperture bridges items with different nets
    Rule: board setup solder mask min width; error
    @(124.2000 mm, 156.0000 mm): Track [OUT_FL_N] on F.Cu, length 116.3400 mm
    @(155.8000 mm, 156.0000 mm): Pad 1 [OUT_SL_P] of L5 on F.Cu
[solder_mask_bridge]: Front solder mask aperture bridges items with different nets
    Rule: board setup solder mask min width; error
    @(212.7700 mm, 87.5000 mm): Track [OLED_CS] on F.Cu, length 27.2300 mm
    @(213.9200 mm, 87.5000 mm): Pad 21 [GND] of U_MCU on F.Cu
[solder_mask_bridge]: Front solder mask aperture bridges items with different nets
    Rule: board setup solder mask min width; error
    @(124.2000 mm, 156.0000 mm): Track [OUT_FL_N] on F.Cu, length 116.3400 mm
    @(164.2000 mm, 156.0000 mm): Pad 2 [OUT_SL_P] of L5 on F.Cu
[solder_mask_bridge]: Front solder mask aperture bridges items with different nets
    Rule: board setup solder mask min width; error
    @(212.7700 mm, 87.5000 mm): Track [OLED_CS] on F.Cu, length 27.2300 mm
    @(215.1900 mm, 87.5000 mm): Pad 22 [GND] of U_MCU on F.Cu
[solder_mask_bridge]: Front solder mask aperture bridges items with different nets
    Rule: board setup solder mask min width; error
    @(109.4000 mm, 83.7300 mm): Track [AUDIO_R_RAW] on F.Cu, length 25.2320 mm
    @(129.4000 mm, 85.0000 mm): Pad 4 [GND] of U_VOL on F.Cu
[solder_mask_bridge]: Front solder mask aperture bridges items with different nets
    Rule: board setup solder mask min width; error
    @(124.2000 mm, 156.0000 mm): Track [OUT_FL_N] on F.Cu, length 116.3400 mm
    @(167.8000 mm, 156.0000 mm): Pad 1 [OUT_SL_N] of L6 on F.Cu
[solder_mask_bridge]: Front solder mask aperture bridges items with different nets
    Rule: board setup solder mask min width; error
    @(124.2000 mm, 156.0000 mm): Track [OUT_FL_N] on F.Cu, length 116.3400 mm
    @(176.2000 mm, 156.0000 mm): Pad 2 [OUT_SL_N] of L6 on F.Cu
[solder_mask_bridge]: Front solder mask aperture bridges items with different nets
    Rule: board setup solder mask min width; error
    @(109.4000 mm, 83.7300 mm): Track [AUDIO_R_RAW] on F.Cu, length 25.2320 mm
    @(134.6000 mm, 85.0000 mm): Pad 11 [VCC_5V] of U_VOL on F.Cu
[solder_mask_bridge]: Front solder mask aperture bridges items with different nets
    Rule: board setup solder mask min width; error
    @(240.5400 mm, 156.0000 mm): Track [OUT_FL_N] on F.Cu, length 30.0000 mm
    @(240.5400 mm, 136.0000 mm): PTH pad 2 [OUT_FR_N] of J_SPK_FR
[solder_mask_bridge]: Front solder mask aperture bridges items with different nets
    Rule: board setup solder mask min width; error
    @(240.5400 mm, 156.0000 mm): Track [OUT_FL_N] on F.Cu, length 30.0000 mm
    @(240.5400 mm, 148.0000 mm): PTH pad 2 [OUT_SL_N] of J_SPK_SL
[solder_mask_bridge]: Front solder mask aperture bridges items with different nets
    Rule: board setup solder mask min width; error
    @(212.7700 mm, 87.5000 mm): Track [OLED_CS] on F.Cu, length 27.2300 mm
    @(216.4600 mm, 87.5000 mm): Pad 23 [VOL_CS] of U_MCU on F.Cu
[solder_mask_bridge]: Front solder mask aperture bridges items with different nets
    Rule: board setup solder mask min width; error
    @(138.2000 mm, 156.0000 mm): Track [OUT_FR_P] on F.Cu, length 79.8000 mm
    @(218.0000 mm, 158.5000 mm): Pad 1 [OUT_SR_P] of PF_SR on F.Cu
[solder_mask_bridge]: Front solder mask aperture bridges items with different nets
    Rule: board setup solder mask min width; error
    @(129.4000 mm, 87.5400 mm): Track [VOL_L] on F.Cu, length 20.0403 mm
    @(134.6000 mm, 87.5400 mm): Pad 9 [VOL_R] of U_VOL on F.Cu
[solder_mask_bridge]: Front solder mask aperture bridges items with different nets
    Rule: board setup solder mask min width; error
    @(138.2000 mm, 156.0000 mm): Track [OUT_FR_P] on F.Cu, length 79.8000 mm
    @(141.8000 mm, 156.0000 mm): Pad 1 [OUT_FR_N] of L4 on F.Cu
[solder_mask_bridge]: Front solder mask aperture bridges items with different nets
    Rule: board setup solder mask min width; error
    @(212.7700 mm, 87.5000 mm): Track [OLED_CS] on F.Cu, length 27.2300 mm
    @(217.7300 mm, 87.5000 mm): Pad 24 [MUX_A] of U_MCU on F.Cu
[solder_mask_bridge]: Front solder mask aperture bridges items with different nets
    Rule: board setup solder mask min width; error
    @(138.2000 mm, 156.0000 mm): Track [OUT_FR_P] on F.Cu, length 79.8000 mm
    @(150.2000 mm, 156.0000 mm): Pad 2 [OUT_FR_N] of L4 on F.Cu
[solder_mask_bridge]: Front solder mask aperture bridges items with different nets
    Rule: board setup solder mask min width; error
    @(134.6000 mm, 86.2700 mm): Track [VOL_R] on F.Cu, length 20.0403 mm
    @(134.6000 mm, 86.2700 mm): Pad 10 [AUDIO_R_RAW] of U_VOL on F.Cu
[solder_mask_bridge]: Front solder mask aperture bridges items with different nets
    Rule: board setup solder mask min width; error
    @(138.2000 mm, 156.0000 mm): Track [OUT_FR_P] on F.Cu, length 79.8000 mm
    @(155.8000 mm, 156.0000 mm): Pad 1 [OUT_SL_P] of L5 on F.Cu
[solder_mask_bridge]: Front solder mask aperture bridges items with different nets
    Rule: board setup solder mask min width; error
    @(240.0000 mm, 87.5000 mm): Track [OLED_CS] on F.Cu, length 21.8800 mm
    @(240.0000 mm, 75.0000 mm): PTH pad 3 [ENC_SW] of J_ENC
[solder_mask_bridge]: Front solder mask aperture bridges items with different nets
    Rule: board setup solder mask min width; error
    @(138.2000 mm, 156.0000 mm): Track [OUT_FR_P] on F.Cu, length 79.8000 mm
    @(164.2000 mm, 156.0000 mm): Pad 2 [OUT_SL_P] of L5 on F.Cu
[solder_mask_bridge]: Front solder mask aperture bridges items with different nets
    Rule: board setup solder mask min width; error
    @(134.6000 mm, 86.2700 mm): Track [VOL_R] on F.Cu, length 20.0403 mm
    @(149.4000 mm, 85.6350 mm): Pad 3 [VOL_L] of U_OP1 on F.Cu
[solder_mask_bridge]: Front solder mask aperture bridges items with different nets
    Rule: board setup solder mask min width; error
    @(138.2000 mm, 156.0000 mm): Track [OUT_FR_P] on F.Cu, length 79.8000 mm
    @(167.8000 mm, 156.0000 mm): Pad 1 [OUT_SL_N] of L6 on F.Cu
[solder_mask_bridge]: Front solder mask aperture bridges items with different nets
    Rule: board setup solder mask min width; error
    @(217.7700 mm, 87.5000 mm): Track [MUX_A] on F.Cu, length 103.1700 mm
    @(206.3000 mm, 87.5000 mm): Pad 15 [RELAY_CTRL] of U_MCU on F.Cu
[solder_mask_bridge]: Front solder mask aperture bridges items with different nets
    Rule: board setup solder mask min width; error
    @(138.2000 mm, 156.0000 mm): Track [OUT_FR_P] on F.Cu, length 79.8000 mm
    @(176.2000 mm, 156.0000 mm): Pad 2 [OUT_SL_N] of L6 on F.Cu
[solder_mask_bridge]: Front solder mask aperture bridges items with different nets
    Rule: board setup solder mask min width; error
    @(217.7700 mm, 87.5000 mm): Track [MUX_A] on F.Cu, length 103.1700 mm
    @(207.5700 mm, 87.5000 mm): Pad 16 [GND] of U_MCU on F.Cu
[solder_mask_bridge]: Front solder mask aperture bridges items with different nets
    Rule: board setup solder mask min width; error
    @(217.7700 mm, 87.5000 mm): Track [MUX_A] on F.Cu, length 103.1700 mm
    @(208.8400 mm, 87.5000 mm): Pad 17 [GND] of U_MCU on F.Cu
[solder_mask_bridge]: Front solder mask aperture bridges items with different nets
    Rule: board setup solder mask min width; error
    @(218.0000 mm, 156.0000 mm): Track [OUT_FR_P] on F.Cu, length 21.5000 mm
    @(218.0000 mm, 146.5000 mm): Pad 1 [OUT_SL_P] of PF_SL on F.Cu
[solder_mask_bridge]: Front solder mask aperture bridges items with different nets
    Rule: board setup solder mask min width; error
    @(217.7700 mm, 87.5000 mm): Track [MUX_A] on F.Cu, length 103.1700 mm
    @(210.1100 mm, 87.5000 mm): Pad 18 [GND] of U_MCU on F.Cu
[solder_mask_bridge]: Front solder mask aperture bridges items with different nets
    Rule: board setup solder mask min width; error
    @(218.0000 mm, 156.0000 mm): Track [OUT_FR_P] on F.Cu, length 21.5000 mm
    @(218.0000 mm, 158.5000 mm): Pad 1 [OUT_SR_P] of PF_SR on F.Cu
[solder_mask_bridge]: Front solder mask aperture bridges items with different nets
    Rule: board setup solder mask min width; error
    @(149.4000 mm, 83.1000 mm): Track [HPF_L] on F.Cu, length 53.9209 mm
    @(116.8000 mm, 125.7250 mm): Pad 5 [GND] of U_AMP1 on F.Cu
[solder_mask_bridge]: Front solder mask aperture bridges items with different nets
    Rule: board setup solder mask min width; error
    @(217.7700 mm, 87.5000 mm): Track [MUX_A] on F.Cu, length 103.1700 mm
    @(211.3800 mm, 87.5000 mm): Pad 19 [OLED_DC] of U_MCU on F.Cu
[solder_mask_bridge]: Front solder mask aperture bridges items with different nets
    Rule: board setup solder mask min width; error
    @(149.4000 mm, 83.1000 mm): Track [HPF_L] on F.Cu, length 53.9209 mm
    @(116.8000 mm, 126.3750 mm): Pad 6 [GND] of U_AMP1 on F.Cu
[solder_mask_bridge]: Front solder mask aperture bridges items with different nets
    Rule: board setup solder mask min width; error
    @(217.7700 mm, 87.5000 mm): Track [MUX_A] on F.Cu, length 103.1700 mm
    @(212.6500 mm, 87.5000 mm): Pad 20 [OLED_CS] of U_MCU on F.Cu
[solder_mask_bridge]: Front solder mask aperture bridges items with different nets
    Rule: board setup solder mask min width; error
    @(150.2000 mm, 156.0000 mm): Track [OUT_FR_N] on F.Cu, length 90.3400 mm
    @(218.0000 mm, 158.5000 mm): Pad 1 [OUT_SR_P] of PF_SR on F.Cu
[solder_mask_bridge]: Front solder mask aperture bridges items with different nets
    Rule: board setup solder mask min width; error
    @(217.7700 mm, 87.5000 mm): Track [MUX_A] on F.Cu, length 103.1700 mm
    @(213.9200 mm, 87.5000 mm): Pad 21 [GND] of U_MCU on F.Cu
[solder_mask_bridge]: Front solder mask aperture bridges items with different nets
    Rule: board setup solder mask min width; error
    @(150.2000 mm, 156.0000 mm): Track [OUT_FR_N] on F.Cu, length 90.3400 mm
    @(222.0000 mm, 158.5000 mm): Pad 2 [OUT_SR_P] of PF_SR on F.Cu
[solder_mask_bridge]: Front solder mask aperture bridges items with different nets
    Rule: board setup solder mask min width; error
    @(217.7700 mm, 87.5000 mm): Track [MUX_A] on F.Cu, length 103.1700 mm
    @(215.1900 mm, 87.5000 mm): Pad 22 [GND] of U_MCU on F.Cu
[solder_mask_bridge]: Front solder mask aperture bridges items with different nets
    Rule: board setup solder mask min width; error
    @(150.2000 mm, 156.0000 mm): Track [OUT_FR_N] on F.Cu, length 90.3400 mm
    @(155.8000 mm, 156.0000 mm): Pad 1 [OUT_SL_P] of L5 on F.Cu
[solder_mask_bridge]: Front solder mask aperture bridges items with different nets
    Rule: board setup solder mask min width; error
    @(217.7700 mm, 87.5000 mm): Track [MUX_A] on F.Cu, length 103.1700 mm
    @(216.4600 mm, 87.5000 mm): Pad 23 [VOL_CS] of U_MCU on F.Cu
[solder_mask_bridge]: Front solder mask aperture bridges items with different nets
    Rule: board setup solder mask min width; error
    @(150.2000 mm, 156.0000 mm): Track [OUT_FR_N] on F.Cu, length 90.3400 mm
    @(164.2000 mm, 156.0000 mm): Pad 2 [OUT_SL_P] of L5 on F.Cu
[solder_mask_bridge]: Front solder mask aperture bridges items with different nets
    Rule: board setup solder mask min width; error
    @(217.7700 mm, 87.5000 mm): Track [MUX_A] on F.Cu, length 103.1700 mm
    @(129.4000 mm, 87.5400 mm): Pad 6 [VOL_L] of U_VOL on F.Cu
[solder_mask_bridge]: Front solder mask aperture bridges items with different nets
    Rule: board setup solder mask min width; error
    @(150.2000 mm, 156.0000 mm): Track [OUT_FR_N] on F.Cu, length 90.3400 mm
    @(167.8000 mm, 156.0000 mm): Pad 1 [OUT_SL_N] of L6 on F.Cu
[solder_mask_bridge]: Front solder mask aperture bridges items with different nets
    Rule: board setup solder mask min width; error
    @(217.7700 mm, 87.5000 mm): Track [MUX_A] on F.Cu, length 103.1700 mm
    @(134.6000 mm, 87.5400 mm): Pad 9 [VOL_R] of U_VOL on F.Cu
[solder_mask_bridge]: Front solder mask aperture bridges items with different nets
    Rule: board setup solder mask min width; error
    @(150.2000 mm, 156.0000 mm): Track [OUT_FR_N] on F.Cu, length 90.3400 mm
    @(176.2000 mm, 156.0000 mm): Pad 2 [OUT_SL_N] of L6 on F.Cu
[solder_mask_bridge]: Front solder mask aperture bridges items with different nets
    Rule: board setup solder mask min width; error
    @(240.5400 mm, 156.0000 mm): Track [OUT_FR_N] on F.Cu, length 18.0000 mm
    @(240.5400 mm, 148.0000 mm): PTH pad 2 [OUT_SL_N] of J_SPK_SL
[solder_mask_bridge]: Front solder mask aperture bridges items with different nets
    Rule: board setup solder mask min width; error
    @(114.6000 mm, 87.5000 mm): Track [MUX_A] on F.Cu, length 3.7700 mm
    @(114.6000 mm, 84.3650 mm): Pad 13 [AUDIO_L_RAW] of U_MUX on F.Cu
[solder_mask_bridge]: Front solder mask aperture bridges items with different nets
    Rule: board setup solder mask min width; error
    @(114.6000 mm, 87.5000 mm): Track [MUX_A] on F.Cu, length 3.7700 mm
    @(114.6000 mm, 85.6350 mm): Pad 12 [BT_OUT_L] of U_MUX on F.Cu
[solder_mask_bridge]: Front solder mask aperture bridges items with different nets
    Rule: board setup solder mask min width; error
    @(114.6000 mm, 87.5000 mm): Track [MUX_A] on F.Cu, length 3.7700 mm
    @(114.6000 mm, 86.9050 mm): Pad 11 [GND] of U_MUX on F.Cu
[solder_mask_bridge]: Front solder mask aperture bridges items with different nets
    Rule: board setup solder mask min width; error
    @(164.2000 mm, 156.0000 mm): Track [OUT_SL_P] on F.Cu, length 53.8000 mm
    @(218.0000 mm, 158.5000 mm): Pad 1 [OUT_SR_P] of PF_SR on F.Cu
[solder_mask_bridge]: Front solder mask aperture bridges items with different nets
    Rule: board setup solder mask min width; error
    @(149.4000 mm, 83.1000 mm): Track [HPF_L] on F.Cu, length 16.0000 mm
    @(154.6000 mm, 83.0950 mm): Pad 8 [VCC_24V] of U_OP1 on F.Cu
[solder_mask_bridge]: Front solder mask aperture bridges items with different nets
    Rule: board setup solder mask min width; error
    @(219.0400 mm, 87.5000 mm): Track [MUX_B] on F.Cu, length 104.4400 mm
    @(206.3000 mm, 87.5000 mm): Pad 15 [RELAY_CTRL] of U_MCU on F.Cu
[solder_mask_bridge]: Front solder mask aperture bridges items with different nets
    Rule: board setup solder mask min width; error
    @(164.2000 mm, 156.0000 mm): Track [OUT_SL_P] on F.Cu, length 53.8000 mm
    @(167.8000 mm, 156.0000 mm): Pad 1 [OUT_SL_N] of L6 on F.Cu
[solder_mask_bridge]: Front solder mask aperture bridges items with different nets
    Rule: board setup solder mask min width; error
    @(149.4000 mm, 83.1000 mm): Track [HPF_L] on F.Cu, length 16.0000 mm
    @(165.4000 mm, 83.0950 mm): Pad 1 [SUM_CENTER] of U_OP2 on F.Cu
[solder_mask_bridge]: Front solder mask aperture bridges items with different nets
    Rule: board setup solder mask min width; error
    @(164.2000 mm, 156.0000 mm): Track [OUT_SL_P] on F.Cu, length 53.8000 mm
    @(176.2000 mm, 156.0000 mm): Pad 2 [OUT_SL_N] of L6 on F.Cu
[solder_mask_bridge]: Front solder mask aperture bridges items with different nets
    Rule: board setup solder mask min width; error
    @(219.0400 mm, 87.5000 mm): Track [MUX_B] on F.Cu, length 104.4400 mm
    @(207.5700 mm, 87.5000 mm): Pad 16 [GND] of U_MCU on F.Cu
[solder_mask_bridge]: Front solder mask aperture bridges items with different nets
    Rule: board setup solder mask min width; error
    @(165.4000 mm, 83.1000 mm): Track [HPF_L] on F.Cu, length 1.2700 mm
    @(165.4000 mm, 83.0950 mm): Pad 1 [SUM_CENTER] of U_OP2 on F.Cu
[solder_mask_bridge]: Front solder mask aperture bridges items with different nets
    Rule: board setup solder mask min width; error
    @(218.0000 mm, 156.0000 mm): Track [OUT_SL_P] on F.Cu, length 9.5000 mm
    @(218.0000 mm, 158.5000 mm): Pad 1 [OUT_SR_P] of PF_SR on F.Cu
[solder_mask_bridge]: Front solder mask aperture bridges items with different nets
    Rule: board setup solder mask min width; error
    @(219.0400 mm, 87.5000 mm): Track [MUX_B] on F.Cu, length 104.4400 mm
    @(208.8400 mm, 87.5000 mm): Pad 17 [GND] of U_MCU on F.Cu
[solder_mask_bridge]: Front solder mask aperture bridges items with different nets
    Rule: board setup solder mask min width; error
    @(149.4000 mm, 83.1000 mm): Track [OUT_SL] on F.Cu, length 2.6000 mm
    @(149.4000 mm, 83.0950 mm): Pad 1 [HPF_L] of U_OP1 on F.Cu
[solder_mask_bridge]: Front solder mask aperture bridges items with different nets
    Rule: board setup solder mask min width; error
    @(219.0400 mm, 87.5000 mm): Track [MUX_B] on F.Cu, length 104.4400 mm
    @(210.1100 mm, 87.5000 mm): Pad 18 [GND] of U_MCU on F.Cu
[solder_mask_bridge]: Front solder mask aperture bridges items with different nets
    Rule: board setup solder mask min width; error
    @(219.0400 mm, 87.5000 mm): Track [MUX_B] on F.Cu, length 104.4400 mm
    @(211.3800 mm, 87.5000 mm): Pad 19 [OLED_DC] of U_MCU on F.Cu
[solder_mask_bridge]: Front solder mask aperture bridges items with different nets
    Rule: board setup solder mask min width; error
    @(146.8000 mm, 83.1000 mm): Track [OUT_SL] on F.Cu, length 42.9500 mm
    @(146.8000 mm, 123.1250 mm): Pad 1 [GND] of U_AMP2 on F.Cu
[solder_mask_bridge]: Front solder mask aperture bridges items with different nets
    Rule: board setup solder mask min width; error
    @(219.0400 mm, 87.5000 mm): Track [MUX_B] on F.Cu, length 104.4400 mm
    @(212.6500 mm, 87.5000 mm): Pad 20 [OLED_CS] of U_MCU on F.Cu
[solder_mask_bridge]: Front solder mask aperture bridges items with different nets
    Rule: board setup solder mask min width; error
    @(176.2000 mm, 156.0000 mm): Track [OUT_SL_N] on F.Cu, length 64.3400 mm
    @(218.0000 mm, 158.5000 mm): Pad 1 [OUT_SR_P] of PF_SR on F.Cu
[solder_mask_bridge]: Front solder mask aperture bridges items with different nets
    Rule: board setup solder mask min width; error
    @(219.0400 mm, 87.5000 mm): Track [MUX_B] on F.Cu, length 104.4400 mm
    @(213.9200 mm, 87.5000 mm): Pad 21 [GND] of U_MCU on F.Cu
[solder_mask_bridge]: Front solder mask aperture bridges items with different nets
    Rule: board setup solder mask min width; error
    @(219.0400 mm, 87.5000 mm): Track [MUX_B] on F.Cu, length 104.4400 mm
    @(215.1900 mm, 87.5000 mm): Pad 22 [GND] of U_MCU on F.Cu
[solder_mask_bridge]: Front solder mask aperture bridges items with different nets
    Rule: board setup solder mask min width; error
    @(146.8000 mm, 83.1000 mm): Track [OUT_SL] on F.Cu, length 42.9500 mm
    @(146.8000 mm, 123.7750 mm): Pad 2 [VCC_24V] of U_AMP2 on F.Cu
[solder_mask_bridge]: Front solder mask aperture bridges items with different nets
    Rule: board setup solder mask min width; error
    @(183.2000 mm, 131.2000 mm): Track [VCC_24V] on F.Cu, length 30.0000 mm
    @(153.2000 mm, 131.5750 mm): Pad 19 [GND] of U_AMP2 on F.Cu
[solder_mask_bridge]: Front solder mask aperture bridges items with different nets
    Rule: board setup solder mask min width; error
    @(176.2000 mm, 156.0000 mm): Track [OUT_SL_N] on F.Cu, length 64.3400 mm
    @(222.0000 mm, 158.5000 mm): Pad 2 [OUT_SR_P] of PF_SR on F.Cu
[solder_mask_bridge]: Front solder mask aperture bridges items with different nets
    Rule: board setup solder mask min width; error
    @(219.0400 mm, 87.5000 mm): Track [MUX_B] on F.Cu, length 104.4400 mm
    @(216.4600 mm, 87.5000 mm): Pad 23 [VOL_CS] of U_MCU on F.Cu
[solder_mask_bridge]: Front solder mask aperture bridges items with different nets
    Rule: board setup solder mask min width; error
    @(219.0400 mm, 87.5000 mm): Track [MUX_B] on F.Cu, length 104.4400 mm
    @(217.7300 mm, 87.5000 mm): Pad 24 [MUX_A] of U_MCU on F.Cu
[solder_mask_bridge]: Front solder mask aperture bridges items with different nets
    Rule: board setup solder mask min width; error
    @(112.2000 mm, 172.0000 mm): Track [OUT_SR_P] on F.Cu, length 105.8000 mm
    @(218.0000 mm, 170.5000 mm): Pad 1 [OUT_C_P] of PF_C on F.Cu
[solder_mask_bridge]: Front solder mask aperture bridges items with different nets
    Rule: board setup solder mask min width; error
    @(112.2000 mm, 172.0000 mm): Track [OUT_SR_P] on F.Cu, length 105.8000 mm
    @(115.8000 mm, 172.0000 mm): Pad 1 [OUT_SR_N] of L8 on F.Cu
[solder_mask_bridge]: Front solder mask aperture bridges items with different nets
    Rule: board setup solder mask min width; error
    @(219.0400 mm, 87.5000 mm): Track [MUX_B] on F.Cu, length 104.4400 mm
    @(129.4000 mm, 87.5400 mm): Pad 6 [VOL_L] of U_VOL on F.Cu
[solder_mask_bridge]: Front solder mask aperture bridges items with different nets
    Rule: board setup solder mask min width; error
    @(112.2000 mm, 172.0000 mm): Track [OUT_SR_P] on F.Cu, length 105.8000 mm
    @(124.2000 mm, 172.0000 mm): Pad 2 [OUT_SR_N] of L8 on F.Cu
[solder_mask_bridge]: Front solder mask aperture bridges items with different nets
    Rule: board setup solder mask min width; error
    @(219.0400 mm, 87.5000 mm): Track [MUX_B] on F.Cu, length 104.4400 mm
    @(134.6000 mm, 87.5400 mm): Pad 9 [VOL_R] of U_VOL on F.Cu
[solder_mask_bridge]: Front solder mask aperture bridges items with different nets
    Rule: board setup solder mask min width; error
    @(112.2000 mm, 172.0000 mm): Track [OUT_SR_P] on F.Cu, length 105.8000 mm
    @(129.8000 mm, 172.0000 mm): Pad 1 [OUT_C_P] of L9 on F.Cu
[solder_mask_bridge]: Front solder mask aperture bridges items with different nets
    Rule: board setup solder mask min width; error
    @(112.2000 mm, 172.0000 mm): Track [OUT_SR_P] on F.Cu, length 105.8000 mm
    @(138.2000 mm, 172.0000 mm): Pad 2 [OUT_C_P] of L9 on F.Cu
[solder_mask_bridge]: Front solder mask aperture bridges items with different nets
    Rule: board setup solder mask min width; error
    @(112.2000 mm, 172.0000 mm): Track [OUT_SR_P] on F.Cu, length 105.8000 mm
    @(141.8000 mm, 172.0000 mm): Pad 1 [OUT_C_N] of L10 on F.Cu
[solder_mask_bridge]: Front solder mask aperture bridges items with different nets
    Rule: board setup solder mask min width; error
    @(146.8000 mm, 83.1000 mm): Track [OUT_SL] on F.Cu, length 42.9500 mm
    @(146.8000 mm, 124.4250 mm): Pad 3 [FAULT2] of U_AMP2 on F.Cu
[solder_mask_bridge]: Front solder mask aperture bridges items with different nets
    Rule: board setup solder mask min width; error
    @(112.2000 mm, 172.0000 mm): Track [OUT_SR_P] on F.Cu, length 105.8000 mm
    @(150.2000 mm, 172.0000 mm): Pad 2 [OUT_C_N] of L10 on F.Cu
[solder_mask_bridge]: Front solder mask aperture bridges items with different nets
    Rule: board setup solder mask min width; error
    @(183.2000 mm, 131.2000 mm): Track [VCC_24V] on F.Cu, length 30.0000 mm
    @(153.2000 mm, 132.2250 mm): Pad 18 [OUT_SL_N] of U_AMP2 on F.Cu
[solder_mask_bridge]: Front solder mask aperture bridges items with different nets
    Rule: board setup solder mask min width; error
    @(146.8000 mm, 83.1000 mm): Track [OUT_SL] on F.Cu, length 42.9500 mm
    @(146.8000 mm, 125.7250 mm): Pad 5 [GND] of U_AMP2 on F.Cu
[solder_mask_bridge]: Front solder mask aperture bridges items with different nets
    Rule: board setup solder mask min width; error
    @(114.6000 mm, 87.5000 mm): Track [MUX_B] on F.Cu, length 2.5000 mm
    @(114.6000 mm, 85.6350 mm): Pad 12 [BT_OUT_L] of U_MUX on F.Cu
[solder_mask_bridge]: Front solder mask aperture bridges items with different nets
    Rule: board setup solder mask min width; error
    @(112.2000 mm, 172.0000 mm): Track [OUT_SR_P] on F.Cu, length 105.8000 mm
    @(155.8000 mm, 172.0000 mm): Pad 1 [OUT_SUB_P] of L11 on F.Cu
[solder_mask_bridge]: Front solder mask aperture bridges items with different nets
    Rule: board setup solder mask min width; error
    @(146.8000 mm, 83.1000 mm): Track [OUT_SL] on F.Cu, length 42.9500 mm
    @(146.8000 mm, 126.3750 mm): Pad 6 [GND] of U_AMP2 on F.Cu
[solder_mask_bridge]: Front solder mask aperture bridges items with different nets
    Rule: board setup solder mask min width; error
    @(114.6000 mm, 87.5000 mm): Track [MUX_B] on F.Cu, length 2.5000 mm
    @(114.6000 mm, 86.9050 mm): Pad 11 [GND] of U_MUX on F.Cu
[solder_mask_bridge]: Front solder mask aperture bridges items with different nets
    Rule: board setup solder mask min width; error
    @(112.2000 mm, 172.0000 mm): Track [OUT_SR_P] on F.Cu, length 105.8000 mm
    @(164.2000 mm, 172.0000 mm): Pad 2 [OUT_SUB_P] of L11 on F.Cu
[solder_mask_bridge]: Front solder mask aperture bridges items with different nets
    Rule: board setup solder mask min width; error
    @(183.2000 mm, 131.2000 mm): Track [VCC_24V] on F.Cu, length 30.0000 mm
    @(176.8000 mm, 129.6250 mm): Pad 11 [GND] of U_AMP3 on F.Cu
[solder_mask_bridge]: Front solder mask aperture bridges items with different nets
    Rule: board setup solder mask min width; error
    @(154.6000 mm, 84.3700 mm): Track [HPF_R] on F.Cu, length 52.1841 mm
    @(123.2000 mm, 125.7250 mm): Pad 28 [VCC_24V] of U_AMP1 on F.Cu
[solder_mask_bridge]: Front solder mask aperture bridges items with different nets
    Rule: board setup solder mask min width; error
    @(221.0000 mm, 72.2700 mm): Track [MUTE_ALL] on F.Cu, length 44.2000 mm
    @(203.0000 mm, 72.0400 mm): Pad 3 [VCC_3V3] of U_MCU on F.Cu
[solder_mask_bridge]: Front solder mask aperture bridges items with different nets
    Rule: board setup solder mask min width; error
    @(221.0000 mm, 72.2700 mm): Track [MUTE_ALL] on F.Cu, length 44.2000 mm
    @(221.0000 mm, 72.0300 mm): Pad 36 [ENC_A] of U_MCU on F.Cu
[solder_mask_bridge]: Front solder mask aperture bridges items with different nets
    Rule: board setup solder mask min width; error
    @(112.2000 mm, 172.0000 mm): Track [OUT_SR_P] on F.Cu, length 105.8000 mm
    @(167.8000 mm, 172.0000 mm): Pad 1 [OUT_SUB_N] of L12 on F.Cu
[solder_mask_bridge]: Front solder mask aperture bridges items with different nets
    Rule: board setup solder mask min width; error
    @(183.2000 mm, 131.2000 mm): Track [VCC_24V] on F.Cu, length 30.0000 mm
    @(176.8000 mm, 130.2750 mm): Pad 12 [MUTE_ALL] of U_AMP3 on F.Cu
[solder_mask_bridge]: Front solder mask aperture bridges items with different nets
    Rule: board setup solder mask min width; error
    @(176.8000 mm, 72.2700 mm): Track [MUTE_ALL] on F.Cu, length 58.0100 mm
    @(176.8000 mm, 123.1250 mm): Pad 1 [GND] of U_AMP3 on F.Cu
[solder_mask_bridge]: Front solder mask aperture bridges items with different nets
    Rule: board setup solder mask min width; error
    @(154.6000 mm, 84.3700 mm): Track [HPF_R] on F.Cu, length 52.1841 mm
    @(123.2000 mm, 126.3750 mm): Pad 27 [VCC_24V] of U_AMP1 on F.Cu
[solder_mask_bridge]: Front solder mask aperture bridges items with different nets
    Rule: board setup solder mask min width; error
    @(183.2000 mm, 131.2000 mm): Track [VCC_24V] on F.Cu, length 30.0000 mm
    @(176.8000 mm, 130.9250 mm): Pad 13 [GND] of U_AMP3 on F.Cu
[solder_mask_bridge]: Front solder mask aperture bridges items with different nets
    Rule: board setup solder mask min width; error
    @(176.8000 mm, 72.2700 mm): Track [MUTE_ALL] on F.Cu, length 58.0100 mm
    @(176.8000 mm, 123.7750 mm): Pad 2 [VCC_24V] of U_AMP3 on F.Cu
[solder_mask_bridge]: Front solder mask aperture bridges items with different nets
    Rule: board setup solder mask min width; error
    @(112.2000 mm, 172.0000 mm): Track [OUT_SR_P] on F.Cu, length 105.8000 mm
    @(176.2000 mm, 172.0000 mm): Pad 2 [OUT_SUB_N] of L12 on F.Cu
[copper_edge_clearance]: Board edge clearance violation (board setup constraints edge clearance 0.5000 mm; actual 0.0000 mm)
    Rule: board setup constraints edge; error
    @(50.0000 mm, 50.0000 mm): Segment on Edge.Cuts
    @(60.0000 mm, 56.9000 mm): Track [VCC_3V3] on F.Cu, length 82.4783 mm
[copper_edge_clearance]: Board edge clearance violation (board setup constraints edge clearance 0.5000 mm; actual 0.0000 mm)
    Rule: board setup constraints edge; error
    @(50.0000 mm, 50.0000 mm): Segment on Edge.Cuts
    @(203.0000 mm, 48.0300 mm): Track [VCC_3V3] on F.Cu, length 21.4700 mm
[shorting_items]: Items shorting two nets (nets AC_NEUTRAL and AC_LIVE)
    Local override; error
    @(80.0000 mm, 149.4600 mm): PTH pad 3 [AC_NEUTRAL] of BR1
    @(68.2500 mm, 168.0000 mm): Track [AC_LIVE] on F.Cu, length 21.9498 mm
[tracks_crossing]: Tracks crossing
    Local override; error
    @(154.6000 mm, 86.9000 mm): Track [VGND_12V] on F.Cu, length 0.0000 mm
    @(154.6000 mm, 84.3700 mm): Track [HPF_R] on F.Cu, length 52.1841 mm
[tracks_crossing]: Tracks crossing
    Local override; error
    @(240.0000 mm, 72.4600 mm): Track [VCC_3V3] on F.Cu, length 0.0000 mm
    @(240.0000 mm, 87.5000 mm): Track [OLED_DC] on F.Cu, length 24.4200 mm
[tracks_crossing]: Tracks crossing
    Local override; error
    @(108.0000 mm, 62.5000 mm): Track [J_AUX_L] on F.Cu, length 1.4000 mm
    @(109.4000 mm, 60.0000 mm): Track [J_AUX_R] on F.Cu, length 27.5400 mm
[shorting_items]: Items shorting two nets (nets MUX_A and VGND_12V)
    Local override; error
    @(217.7700 mm, 87.5000 mm): Track [MUX_A] on F.Cu, length 103.1700 mm
    @(170.6000 mm, 86.9000 mm): Track [VGND_12V] on F.Cu, length 0.0000 mm
[clearance]: Clearance violation ( clearance 0.2000 mm; actual 0.1200 mm)
    Local override; error
    @(123.2000 mm, 131.2000 mm): Track [VCC_24V] on F.Cu, length 31.4000 mm
    @(146.8000 mm, 130.2800 mm): Track [MUTE_ALL] on F.Cu, length 30.0000 mm
[shorting_items]: Items shorting two nets (nets VGND_12V and VOL_L)
    Local override; error
    @(132.0000 mm, 70.0000 mm): Track [VGND_12V] on F.Cu, length 17.0988 mm
    @(129.4000 mm, 87.5400 mm): Track [VOL_L] on F.Cu, length 20.0403 mm
[tracks_crossing]: Tracks crossing
    Local override; error
    @(170.6000 mm, 86.9000 mm): Track [VGND_12V] on F.Cu, length 16.0000 mm
    @(165.4000 mm, 83.1000 mm): Track [SUM_CENTER] on F.Cu, length 16.4451 mm
[shorting_items]: Items shorting two nets (nets GND and VCC_5V)
    Local override; error
    @(59.5000 mm, 78.0000 mm): Pad 6 [GND] of U_BUCK on F.Cu
    @(95.0000 mm, 78.0000 mm): Track [VCC_5V] on F.Cu, length 32.7000 mm
[tracks_crossing]: Tracks crossing
    Local override; error
    @(240.0000 mm, 52.9200 mm): Track [VCC_3V3] on F.Cu, length 19.5400 mm
    @(240.0000 mm, 87.5000 mm): Track [OLED_DC] on F.Cu, length 24.4200 mm
[tracks_crossing]: Tracks crossing
    Local override; error
    @(134.6000 mm, 86.9000 mm): Track [VGND_12V] on F.Cu, length 20.0000 mm
    @(129.4000 mm, 87.5400 mm): Track [VOL_L] on F.Cu, length 20.0403 mm
[tracks_crossing]: Tracks crossing
    Local override; error
    @(134.6000 mm, 86.2700 mm): Track [VOL_R] on F.Cu, length 20.0403 mm
    @(153.2000 mm, 84.3700 mm): Track [OUT_SR] on F.Cu, length 41.6800 mm
[tracks_crossing]: Tracks crossing
    Local override; error
    @(170.6000 mm, 84.3700 mm): Track [SUM_SUB_RAW] on F.Cu, length 10.8184 mm
    @(165.4000 mm, 83.1000 mm): Track [SUM_CENTER] on F.Cu, length 16.4451 mm
[shorting_items]: Items shorting two nets (nets HPF_R and OUT_SR)
    Local override; error
    @(154.6000 mm, 84.3650 mm): Pad 7 [HPF_R] of U_OP1 on F.Cu
    @(154.6000 mm, 84.3700 mm): Track [OUT_SR] on F.Cu, length 1.4000 mm
[tracks_crossing]: Tracks crossing
    Local override; error
    @(112.2000 mm, 156.0000 mm): Track [OUT_FL_P] on F.Cu, length 105.8000 mm
    @(183.2000 mm, 129.9500 mm): Track [OUT_SUB_N] on F.Cu, length 44.7813 mm
[tracks_crossing]: Tracks crossing
    Local override; error
    @(112.2000 mm, 156.0000 mm): Track [OUT_FL_P] on F.Cu, length 105.8000 mm
    @(183.2000 mm, 126.0500 mm): Track [OUT_C_P] on F.Cu, length 70.4483 mm
[tracks_crossing]: Tracks crossing
    Local override; error
    @(153.2000 mm, 127.3500 mm): Track [OUT_SL_N] on F.Cu, length 32.1556 mm
    @(112.2000 mm, 156.0000 mm): Track [OUT_FL_P] on F.Cu, length 105.8000 mm
[tracks_crossing]: Tracks crossing
    Local override; error
    @(217.7700 mm, 87.5000 mm): Track [MUX_A] on F.Cu, length 103.1700 mm
    @(153.2000 mm, 84.3700 mm): Track [OUT_SR] on F.Cu, length 41.6800 mm
[tracks_crossing]: Tracks crossing
    Local override; error
    @(138.2000 mm, 156.0000 mm): Track [OUT_FR_P] on F.Cu, length 79.8000 mm
    @(218.0000 mm, 156.0000 mm): Track [OUT_FL_P] on F.Cu, length 33.5000 mm
[tracks_crossing]: Tracks crossing
    Local override; error
    @(112.2000 mm, 156.0000 mm): Track [OUT_FL_P] on F.Cu, length 105.8000 mm
    @(183.2000 mm, 127.3500 mm): Track [OUT_C_N] on F.Cu, length 60.8899 mm
[tracks_crossing]: Tracks crossing
    Local override; error
    @(164.2000 mm, 156.0000 mm): Track [OUT_SL_P] on F.Cu, length 53.8000 mm
    @(218.0000 mm, 156.0000 mm): Track [OUT_FR_P] on F.Cu, length 21.5000 mm
[tracks_crossing]: Tracks crossing
    Local override; error
    @(240.5400 mm, 156.0000 mm): Track [OUT_FR_N] on F.Cu, length 18.0000 mm
    @(240.5400 mm, 156.0000 mm): Track [OUT_FL_N] on F.Cu, length 30.0000 mm
[shorting_items]: Items shorting two nets (nets MUX_A and VGND_12V)
    Local override; error
    @(217.7700 mm, 87.5000 mm): Track [MUX_A] on F.Cu, length 103.1700 mm
    @(154.6000 mm, 86.9000 mm): Track [VGND_12V] on F.Cu, length 16.0000 mm
[shorting_items]: Items shorting two nets (nets VCC_3V3 and GND)
    Local override; error
    @(203.0000 mm, 69.5000 mm): Track [VCC_3V3] on F.Cu, length 16.5800 mm
    @(203.0000 mm, 69.5000 mm): Pad 1 [GND] of U_MCU on F.Cu
[tracks_crossing]: Tracks crossing
    Local override; error
    @(138.2000 mm, 156.0000 mm): Track [OUT_FR_P] on F.Cu, length 79.8000 mm
    @(124.2000 mm, 156.0000 mm): Track [OUT_FL_N] on F.Cu, length 116.3400 mm
[tracks_crossing]: Tracks crossing
    Local override; error
    @(138.2000 mm, 156.0000 mm): Track [OUT_FR_P] on F.Cu, length 79.8000 mm
    @(164.2000 mm, 156.0000 mm): Track [OUT_SL_P] on F.Cu, length 53.8000 mm
[tracks_crossing]: Tracks crossing
    Local override; error
    @(240.5400 mm, 156.0000 mm): Track [OUT_FR_N] on F.Cu, length 18.0000 mm
    @(240.5400 mm, 156.0000 mm): Track [OUT_SL_N] on F.Cu, length 6.0000 mm
[tracks_crossing]: Tracks crossing
    Local override; error
    @(176.2000 mm, 172.0000 mm): Track [OUT_SUB_N] on F.Cu, length 11.2201 mm
    @(112.2000 mm, 172.0000 mm): Track [OUT_SR_P] on F.Cu, length 105.8000 mm
[tracks_crossing]: Tracks crossing
    Local override; error
    @(109.4000 mm, 62.5000 mm): Track [J_AUX_L] on F.Cu, length 23.7700 mm
    @(78.0000 mm, 60.0000 mm): Track [VGND_12V] on F.Cu, length 54.9181 mm
[shorting_items]: Items shorting two nets (nets OUT_SR_P and OUT_SL_N)
    Local override; error
    @(218.0000 mm, 158.5000 mm): Pad 1 [OUT_SR_P] of PF_SR on F.Cu
    @(176.2000 mm, 156.0000 mm): Track [OUT_SL_N] on F.Cu, length 64.3400 mm
[shorting_items]: Items shorting two nets (nets OUT_SUB_P and OUT_C_P)
    Local override; error
    @(218.0000 mm, 172.0000 mm): Track [OUT_SUB_P] on F.Cu, length 10.5000 mm
    @(218.0000 mm, 170.5000 mm): Track [OUT_C_P] on F.Cu, length 4.0000 mm
[shorting_items]: Items shorting two nets (nets OUT_C_N and OUT_C_P)
    Local override; error
    @(141.8000 mm, 172.0000 mm): Pad 1 [OUT_C_N] of L10 on F.Cu
    @(138.2000 mm, 172.0000 mm): Track [OUT_C_P] on F.Cu, length 79.8000 mm
[tracks_crossing]: Tracks crossing
    Local override; error
    @(112.2000 mm, 156.0000 mm): Track [OUT_FL_P] on F.Cu, length 105.8000 mm
    @(164.2000 mm, 156.0000 mm): Track [OUT_SL_P] on F.Cu, length 11.2201 mm
[shorting_items]: Items shorting two nets (nets OUT_SUB_N and OUT_SUB_P)
    Local override; error
    @(167.8000 mm, 172.0000 mm): Pad 1 [OUT_SUB_N] of L12 on F.Cu
    @(164.2000 mm, 172.0000 mm): Track [OUT_SUB_P] on F.Cu, length 53.8000 mm
[tracks_crossing]: Tracks crossing
    Local override; error
    @(138.2000 mm, 156.0000 mm): Track [OUT_FR_P] on F.Cu, length 79.8000 mm
    @(112.2000 mm, 156.0000 mm): Track [OUT_FL_P] on F.Cu, length 105.8000 mm
[tracks_crossing]: Tracks crossing
    Local override; error
    @(240.5400 mm, 172.0000 mm): Track [OUT_SR_N] on F.Cu, length 10.0000 mm
    @(240.5400 mm, 172.0000 mm): Track [OUT_C_N] on F.Cu, length 2.0000 mm
[shorting_items]: Items shorting two nets (nets OUT_C_N and OUT_SUB_P)
    Local override; error
    @(150.2000 mm, 172.0000 mm): Track [OUT_C_N] on F.Cu, length 90.3400 mm
    @(164.2000 mm, 172.0000 mm): Pad 2 [OUT_SUB_P] of L11 on F.Cu
[tracks_crossing]: Tracks crossing
    Local override; error
    @(132.0000 mm, 77.3500 mm): Track [SPI_MISO] on F.Cu, length 5.1100 mm
    @(132.0000 mm, 81.1600 mm): Track [SPI_MOSI] on F.Cu, length 0.0300 mm
[tracks_crossing]: Tracks crossing
    Local override; error
    @(132.0000 mm, 77.3500 mm): Track [SPI_MISO] on F.Cu, length 5.1100 mm
    @(221.0000 mm, 81.1600 mm): Track [SPI_MOSI] on F.Cu, length 89.0000 mm
[tracks_crossing]: Tracks crossing
    Local override; error
    @(240.5400 mm, 172.0000 mm): Track [OUT_SUB_N] on F.Cu, length 14.0000 mm
    @(240.5400 mm, 172.0000 mm): Track [OUT_C_N] on F.Cu, length 2.0000 mm
[tracks_crossing]: Tracks crossing
    Local override; error
    @(150.2000 mm, 156.0000 mm): Track [OUT_FR_N] on F.Cu, length 90.3400 mm
    @(164.2000 mm, 156.0000 mm): Track [OUT_SL_P] on F.Cu, length 53.8000 mm
[tracks_crossing]: Tracks crossing
    Local override; error
    @(150.2000 mm, 172.0000 mm): Track [OUT_C_N] on F.Cu, length 90.3400 mm
    @(222.0000 mm, 170.5000 mm): Track [OUT_C_P] on F.Cu, length 13.5433 mm
[tracks_crossing]: Tracks crossing
    Local override; error
    @(170.6000 mm, 86.9000 mm): Track [VGND_12V] on F.Cu, length 16.0000 mm
    @(180.0000 mm, 70.7700 mm): Track [NTC_ADC] on F.Cu, length 44.2300 mm
[shorting_items]: Items shorting two nets (nets OUT_C_P and OUT_SUB_N)
    Local override; error
    @(235.4600 mm, 172.0000 mm): PTH pad 1 [OUT_C_P] of J_SPK_C
    @(176.2000 mm, 172.0000 mm): Track [OUT_SUB_N] on F.Cu, length 64.3400 mm
[shorting_items]: Items shorting two nets (nets GND and SPI_MISO)
    Local override; error
    @(203.0000 mm, 77.1200 mm): Pad 7 [GND] of U_MCU on F.Cu
    @(221.0000 mm, 77.3500 mm): Track [SPI_MISO] on F.Cu, length 89.0000 mm
[tracks_crossing]: Tracks crossing
    Local override; error
    @(240.0000 mm, 81.1600 mm): Track [SPI_MOSI] on F.Cu, length 23.1600 mm
    @(221.0000 mm, 74.8100 mm): Track [ENC_A] on F.Cu, length 19.0000 mm
[tracks_crossing]: Tracks crossing
    Local override; error
    @(218.0000 mm, 72.0400 mm): Track [DC_OFFSET_ADC] on F.Cu, length 52.9600 mm
    @(221.0000 mm, 77.3500 mm): Track [SPI_MISO] on F.Cu, length 89.0000 mm
[tracks_crossing]: Tracks crossing
    Local override; error
    @(217.7700 mm, 87.5000 mm): Track [MUX_A] on F.Cu, length 103.1700 mm
    @(206.3000 mm, 87.5000 mm): Track [RELAY_CTRL] on F.Cu, length 7.2500 mm
[shorting_items]: Items shorting two nets (nets DC_OFFSET_ADC and MUTE_ALL)
    Local override; error
    @(203.0000 mm, 72.0400 mm): Track [DC_OFFSET_ADC] on F.Cu, length 15.0000 mm
    @(221.0000 mm, 72.2700 mm): Track [MUTE_ALL] on F.Cu, length 44.2000 mm
[tracks_crossing]: Tracks crossing
    Local override; error
    @(199.0500 mm, 87.5000 mm): Track [RELAY_CTRL] on F.Cu, length 57.5000 mm
    @(217.7700 mm, 87.5000 mm): Track [MUX_A] on F.Cu, length 103.1700 mm
[clearance]: Clearance violation ( clearance 0.2000 mm; actual 0.1350 mm)
    Local override; error
    @(114.6000 mm, 84.3650 mm): Pad 13 [AUDIO_L_RAW] of U_MUX on F.Cu
    @(114.6000 mm, 87.5000 mm): Track [MUX_B] on F.Cu, length 2.5000 mm
[shorting_items]: Items shorting two nets (nets OUT_C_P and OUT_SUB_P)
    Local override; error
    @(218.0000 mm, 170.5000 mm): Pad 1 [OUT_C_P] of PF_C on F.Cu
    @(218.0000 mm, 172.0000 mm): Track [OUT_SUB_P] on F.Cu, length 10.5000 mm
[tracks_crossing]: Tracks crossing
    Local override; error
    @(221.0000 mm, 83.7000 mm): Track [UART_RX] on F.Cu, length 19.0000 mm
    @(240.0000 mm, 82.4300 mm): Track [UART_TX] on F.Cu, length 8.3000 mm
[shorting_items]: Items shorting two nets (nets ENC_B and IR_RECV)
    Local override; error
    @(221.0000 mm, 73.3000 mm): Pad 35 [ENC_B] of U_MCU on F.Cu
    @(221.0000 mm, 73.5400 mm): Track [IR_RECV] on F.Cu, length 19.0000 mm
[shorting_items]: Items shorting two nets (nets VCC_3V3 and NTC_ADC)
    Local override; error
    @(203.0000 mm, 70.7700 mm): Pad 2 [VCC_3V3] of U_MCU on F.Cu
    @(203.0000 mm, 70.7700 mm): Track [NTC_ADC] on F.Cu, length 23.0000 mm
[tracks_crossing]: Tracks crossing
    Local override; error
    @(240.0000 mm, 76.0800 mm): Track [ENC_B] on F.Cu, length 1.4600 mm
    @(240.0000 mm, 77.3500 mm): Track [ENC_SW] on F.Cu, length 2.3500 mm
[tracks_crossing]: Tracks crossing
    Local override; error
    @(221.0000 mm, 76.0800 mm): Track [ENC_B] on F.Cu, length 19.0000 mm
    @(240.0000 mm, 74.8100 mm): Track [ENC_A] on F.Cu, length 5.2700 mm
[clearance]: Clearance violation ( clearance 0.2000 mm; actual 0.1700 mm)
    Local override; error
    @(238.7300 mm, 92.0000 mm): PTH pad 2 [UART_TX] of J_CTRL
    @(240.0000 mm, 83.7000 mm): Track [UART_RX] on F.Cu, length 9.5700 mm
[shorting_items]: Items shorting two nets (nets ENC_SW and SPI_MISO)
    Local override; error
    @(221.0000 mm, 77.3500 mm): Track [ENC_SW] on F.Cu, length 19.0000 mm
    @(221.0000 mm, 77.1100 mm): Pad 32 [SPI_MISO] of U_MCU on F.Cu
[shorting_items]: Items shorting two nets (nets OUT_CENTER and VGND_12V)
    Local override; error
    @(186.6000 mm, 84.3700 mm): Track [OUT_CENTER] on F.Cu, length 42.8166 mm
    @(186.6000 mm, 86.9000 mm): Track [VGND_12V] on F.Cu, length 0.0000 mm
[tracks_crossing]: Tracks crossing
    Local override; error
    @(114.6000 mm, 87.5000 mm): Track [MUX_B] on F.Cu, length 2.5000 mm
    @(114.6000 mm, 87.5000 mm): Track [MUX_A] on F.Cu, length 3.7700 mm
[shorting_items]: Items shorting two nets (nets GND and MUTE_ALL)
    Local override; error
    @(176.8000 mm, 123.1250 mm): Pad 1 [GND] of U_AMP3 on F.Cu
    @(176.8000 mm, 72.2700 mm): Track [MUTE_ALL] on F.Cu, length 58.0100 mm
[tracks_crossing]: Tracks crossing
    Local override; error
    @(221.0000 mm, 74.8100 mm): Track [ENC_A] on F.Cu, length 19.0000 mm
    @(240.0000 mm, 87.5000 mm): Track [OLED_CS] on F.Cu, length 21.8800 mm
[tracks_crossing]: Tracks crossing
    Local override; error
    @(217.7700 mm, 87.5000 mm): Track [MUX_A] on F.Cu, length 103.1700 mm
    @(114.6000 mm, 87.5000 mm): Track [MUX_B] on F.Cu, length 2.5000 mm
[shorting_items]: Items shorting two nets (nets OUT_SL_P and OUT_SR_P)
    Local override; error
    @(218.0000 mm, 156.0000 mm): Track [OUT_SL_P] on F.Cu, length 9.5000 mm
    @(218.0000 mm, 158.5000 mm): Pad 1 [OUT_SR_P] of PF_SR on F.Cu
[tracks_crossing]: Tracks crossing
    Local override; error
    @(217.7700 mm, 87.5000 mm): Track [MUX_A] on F.Cu, length 103.1700 mm
    @(211.5000 mm, 87.5000 mm): Track [OLED_DC] on F.Cu, length 28.5000 mm
[tracks_crossing]: Tracks crossing
    Local override; error
    @(221.0000 mm, 74.8100 mm): Track [ENC_A] on F.Cu, length 19.0000 mm
    @(240.0000 mm, 73.5400 mm): Track [IR_RECV] on F.Cu, length 31.4600 mm
[shorting_items]: Items shorting two nets (nets ENC_B and SPI_SCK)
    Local override; error
    @(221.0000 mm, 76.0800 mm): Track [ENC_B] on F.Cu, length 19.0000 mm
    @(221.0000 mm, 75.8400 mm): Pad 33 [SPI_SCK] of U_MCU on F.Cu
[tracks_crossing]: Tracks crossing
    Local override; error
    @(217.7700 mm, 87.5000 mm): Track [MUX_A] on F.Cu, length 103.1700 mm
    @(129.4000 mm, 87.5000 mm): Track [VOL_CS] on F.Cu, length 4.4000 mm
[tracks_crossing]: Tracks crossing
    Local override; error
    @(217.7700 mm, 87.5000 mm): Track [MUX_A] on F.Cu, length 103.1700 mm
    @(212.7700 mm, 87.5000 mm): Track [OLED_CS] on F.Cu, length 27.2300 mm
[tracks_crossing]: Tracks crossing
    Local override; error
    @(221.0000 mm, 74.8100 mm): Track [ENC_A] on F.Cu, length 19.0000 mm
    @(240.0000 mm, 87.5000 mm): Track [OLED_DC] on F.Cu, length 24.4200 mm
[tracks_crossing]: Tracks crossing
    Local override; error
    @(132.0000 mm, 77.3500 mm): Track [SPI_MISO] on F.Cu, length 5.1100 mm
    @(221.0000 mm, 78.6200 mm): Track [SPI_SCK] on F.Cu, length 89.0000 mm
[tracks_crossing]: Tracks crossing
    Local override; error
    @(221.0000 mm, 81.1600 mm): Track [SPI_MOSI] on F.Cu, length 19.0000 mm
    @(240.0000 mm, 87.5000 mm): Track [OLED_DC] on F.Cu, length 24.4200 mm
[shorting_items]: Items shorting two nets (nets VCC_3V3 and MUTE_ALL)
    Local override; error
    @(203.0000 mm, 72.0400 mm): Pad 3 [VCC_3V3] of U_MCU on F.Cu
    @(221.0000 mm, 72.2700 mm): Track [MUTE_ALL] on F.Cu, length 44.2000 mm
[shorting_items]: Items shorting two nets (nets SPI_SCK and GND)
    Local override; error
    @(221.0000 mm, 78.6200 mm): Track [SPI_SCK] on F.Cu, length 19.0000 mm
    @(221.0000 mm, 78.3800 mm): Pad 31 [GND] of U_MCU on F.Cu
[shorting_items]: Items shorting two nets (nets OUT_SUB_N and OUT_C_N)
    Local override; error
    @(240.5400 mm, 172.0000 mm): Track [OUT_SUB_N] on F.Cu, length 14.0000 mm
    @(240.5400 mm, 172.0000 mm): PTH pad 2 [OUT_C_N] of J_SPK_C
[tracks_crossing]: Tracks crossing
    Local override; error
    @(132.0000 mm, 77.3500 mm): Track [SPI_MISO] on F.Cu, length 5.1100 mm
    @(132.0000 mm, 78.6200 mm): Track [SPI_SCK] on F.Cu, length 1.3000 mm
[shorting_items]: Items shorting two nets (nets OUT_SL_P and MUTE_ALL)
    Local override; error
    @(153.2000 mm, 130.2750 mm): Pad 21 [OUT_SL_P] of U_AMP2 on F.Cu
    @(176.8000 mm, 130.2800 mm): Track [MUTE_ALL] on F.Cu, length 30.0000 mm
[tracks_crossing]: Tracks crossing
    Local override; error
    @(218.0000 mm, 172.0000 mm): Track [OUT_C_P] on F.Cu, length 1.5000 mm
    @(218.0000 mm, 172.0000 mm): Track [OUT_SR_P] on F.Cu, length 13.5000 mm
[shorting_items]: Items shorting two nets (nets ENC_A and ENC_SW)
    Local override; error
    @(221.0000 mm, 74.8100 mm): Track [ENC_A] on F.Cu, length 19.0000 mm
    @(221.0000 mm, 74.5700 mm): Pad 34 [ENC_SW] of U_MCU on F.Cu
[tracks_crossing]: Tracks crossing
    Local override; error
    @(112.2000 mm, 172.0000 mm): Track [OUT_SR_P] on F.Cu, length 105.8000 mm
    @(164.2000 mm, 172.0000 mm): Track [OUT_SUB_P] on F.Cu, length 11.2201 mm
[tracks_crossing]: Tracks crossing
    Local override; error
    @(112.2000 mm, 172.0000 mm): Track [OUT_SR_P] on F.Cu, length 105.8000 mm
    @(150.2000 mm, 172.0000 mm): Track [OUT_C_N] on F.Cu, length 11.2201 mm
[tracks_crossing]: Tracks crossing
    Local override; error
    @(221.0000 mm, 74.8100 mm): Track [ENC_A] on F.Cu, length 19.0000 mm
    @(240.0000 mm, 78.6200 mm): Track [SPI_SCK] on F.Cu, length 23.1600 mm
[tracks_crossing]: Tracks crossing
    Local override; error
    @(176.2000 mm, 156.0000 mm): Track [OUT_SL_N] on F.Cu, length 11.2201 mm
    @(112.2000 mm, 156.0000 mm): Track [OUT_FL_P] on F.Cu, length 105.8000 mm
[shorting_items]: Items shorting two nets (nets OUT_FL_P and MUTE_ALL)
    Local override; error
    @(123.2000 mm, 130.2750 mm): Pad 21 [OUT_FL_P] of U_AMP1 on F.Cu
    @(146.8000 mm, 130.2800 mm): Track [MUTE_ALL] on F.Cu, length 30.0000 mm
[tracks_crossing]: Tracks crossing
    Local override; error
    @(124.2000 mm, 156.0000 mm): Track [OUT_FL_N] on F.Cu, length 11.2201 mm
    @(112.2000 mm, 156.0000 mm): Track [OUT_FL_P] on F.Cu, length 105.8000 mm
[tracks_crossing]: Tracks crossing
    Local override; error
    @(112.2000 mm, 156.0000 mm): Track [OUT_FL_P] on F.Cu, length 105.8000 mm
    @(138.2000 mm, 156.0000 mm): Track [OUT_FR_P] on F.Cu, length 11.2201 mm
[tracks_crossing]: Tracks crossing
    Local override; error
    @(112.2000 mm, 172.0000 mm): Track [OUT_SR_P] on F.Cu, length 105.8000 mm
    @(138.2000 mm, 172.0000 mm): Track [OUT_C_P] on F.Cu, length 11.2201 mm
[tracks_crossing]: Tracks crossing
    Local override; error
    @(112.2000 mm, 156.0000 mm): Track [OUT_FL_P] on F.Cu, length 105.8000 mm
    @(153.2000 mm, 126.0500 mm): Track [OUT_SL_P] on F.Cu, length 30.0626 mm
[shorting_items]: Items shorting two nets (nets OUT_C_N and OUT_SR_P)
    Local override; error
    @(141.8000 mm, 172.0000 mm): Pad 1 [OUT_C_N] of L10 on F.Cu
    @(112.2000 mm, 172.0000 mm): Track [OUT_SR_P] on F.Cu, length 105.8000 mm
[tracks_crossing]: Tracks crossing
    Local override; error
    @(218.0000 mm, 172.0000 mm): Track [OUT_C_P] on F.Cu, length 1.5000 mm
    @(218.0000 mm, 172.0000 mm): Track [OUT_SUB_P] on F.Cu, length 10.5000 mm
[tracks_crossing]: Tracks crossing
    Local override; error
    @(112.2000 mm, 156.0000 mm): Track [OUT_FL_P] on F.Cu, length 105.8000 mm
    @(150.2000 mm, 156.0000 mm): Track [OUT_FR_N] on F.Cu, length 11.2201 mm
[tracks_crossing]: Tracks crossing
    Local override; error
    @(123.2000 mm, 127.3500 mm): Track [OUT_FL_N] on F.Cu, length 29.5902 mm
    @(112.2000 mm, 156.0000 mm): Track [OUT_FL_P] on F.Cu, length 105.8000 mm
[tracks_crossing]: Tracks crossing
    Local override; error
    @(123.2000 mm, 128.6500 mm): Track [OUT_FR_P] on F.Cu, length 28.1351 mm
    @(112.2000 mm, 156.0000 mm): Track [OUT_FL_P] on F.Cu, length 105.8000 mm
[tracks_crossing]: Tracks crossing
    Local override; error
    @(112.2000 mm, 172.0000 mm): Track [OUT_SR_P] on F.Cu, length 105.8000 mm
    @(124.2000 mm, 172.0000 mm): Track [OUT_SR_N] on F.Cu, length 11.2201 mm
[tracks_crossing]: Tracks crossing
    Local override; error
    @(112.2000 mm, 156.0000 mm): Track [OUT_FL_P] on F.Cu, length 105.8000 mm
    @(183.2000 mm, 128.6500 mm): Track [OUT_SUB_P] on F.Cu, length 51.2834 mm
[shorting_items]: Items shorting two nets (nets OUT_C_N and OUT_SR_N)
    Local override; error
    @(141.8000 mm, 172.0000 mm): Pad 1 [OUT_C_N] of L10 on F.Cu
    @(124.2000 mm, 172.0000 mm): Track [OUT_SR_N] on F.Cu, length 116.3400 mm
[tracks_crossing]: Tracks crossing
    Local override; error
    @(153.2000 mm, 128.6500 mm): Track [OUT_SR_P] on F.Cu, length 65.7235 mm
    @(112.2000 mm, 156.0000 mm): Track [OUT_FL_P] on F.Cu, length 105.8000 mm
[tracks_crossing]: Tracks crossing
    Local override; error
    @(112.2000 mm, 156.0000 mm): Track [OUT_FL_P] on F.Cu, length 105.8000 mm
    @(123.2000 mm, 129.9500 mm): Track [OUT_FR_N] on F.Cu, length 32.0088 mm
[tracks_crossing]: Tracks crossing
    Local override; error
    @(154.6000 mm, 84.3700 mm): Track [OUT_SR] on F.Cu, length 1.4000 mm
    @(154.6000 mm, 84.3700 mm): Track [HPF_R] on F.Cu, length 10.8000 mm
[clearance]: Clearance violation ( clearance 0.2000 mm; actual 0.0950 mm)
    Local override; error
    @(186.6000 mm, 86.9050 mm): Pad 5 [VGND_12V] of U_OP3 on F.Cu
    @(219.0400 mm, 87.5000 mm): Track [MUX_B] on F.Cu, length 104.4400 mm
[tracks_crossing]: Tracks crossing
    Local override; error
    @(146.8000 mm, 83.1000 mm): Track [OUT_SL] on F.Cu, length 42.9500 mm
    @(154.6000 mm, 84.3700 mm): Track [HPF_R] on F.Cu, length 52.1841 mm
[clearance]: Clearance violation ( clearance 0.2000 mm; actual 0.0950 mm)
    Local override; error
    @(186.6000 mm, 86.9050 mm): Pad 5 [VGND_12V] of U_OP3 on F.Cu
    @(216.5000 mm, 87.5000 mm): Track [VOL_CS] on F.Cu, length 87.1000 mm
[tracks_crossing]: Tracks crossing
    Local override; error
    @(149.4000 mm, 83.1000 mm): Track [HPF_L] on F.Cu, length 16.0000 mm
    @(149.4000 mm, 83.1000 mm): Track [OUT_SL] on F.Cu, length 2.6000 mm
[tracks_crossing]: Tracks crossing
    Local override; error
    @(165.4000 mm, 83.1000 mm): Track [HPF_L] on F.Cu, length 1.2700 mm
    @(154.6000 mm, 84.3700 mm): Track [HPF_R] on F.Cu, length 10.8000 mm
[tracks_crossing]: Tracks crossing
    Local override; error
    @(149.4000 mm, 83.1000 mm): Track [OUT_SL] on F.Cu, length 2.6000 mm
    @(149.4000 mm, 83.1000 mm): Track [HPF_L] on F.Cu, length 53.9209 mm
[shorting_items]: Items shorting two nets (nets OUT_SUB and OUT_SUB_N)
    Local override; error
    @(181.4000 mm, 83.1000 mm): Track [OUT_SUB] on F.Cu, length 42.9877 mm
    @(183.2000 mm, 123.1250 mm): Pad 32 [OUT_SUB_N] of U_AMP3 on F.Cu
[tracks_crossing]: Tracks crossing
    Local override; error
    @(114.6000 mm, 87.5000 mm): Track [MUX_A] on F.Cu, length 3.7700 mm
    @(109.4000 mm, 83.7300 mm): Track [AUDIO_R_RAW] on F.Cu, length 25.2320 mm
[tracks_crossing]: Tracks crossing
    Local override; error
    @(112.2000 mm, 156.0000 mm): Track [OUT_FL_P] on F.Cu, length 105.8000 mm
    @(153.2000 mm, 129.9500 mm): Track [OUT_SR_N] on F.Cu, length 56.2758 mm
[shorting_items]: Items shorting two nets (nets VOL_L and VOL_CS)
    Local override; error
    @(129.4000 mm, 87.5400 mm): Track [VOL_L] on F.Cu, length 20.0403 mm
    @(129.4000 mm, 87.5000 mm): Track [VOL_CS] on F.Cu, length 4.4000 mm
[tracks_crossing]: Tracks crossing
    Local override; error
    @(154.6000 mm, 84.3700 mm): Track [OUT_SR] on F.Cu, length 1.4000 mm
    @(154.6000 mm, 84.3700 mm): Track [HPF_R] on F.Cu, length 52.1841 mm
[tracks_crossing]: Tracks crossing
    Local override; error
    @(114.6000 mm, 60.0000 mm): Track [USB_L] on F.Cu, length 26.2700 mm
    @(114.6000 mm, 87.5000 mm): Track [MUX_A] on F.Cu, length 3.7700 mm
[shorting_items]: Items shorting two nets (nets USB_L and VCC_5V)
    Local override; error
    @(122.0000 mm, 60.0000 mm): Track [USB_L] on F.Cu, length 7.4000 mm
    @(116.9200 mm, 60.0000 mm): PTH pad 1 [VCC_5V] of J_USB_IN
[tracks_crossing]: Tracks crossing
    Local override; error
    @(170.6000 mm, 84.3700 mm): Track [SUM_SUB_RAW] on F.Cu, length 10.8184 mm
    @(176.8000 mm, 72.2700 mm): Track [MUTE_ALL] on F.Cu, length 58.0100 mm
[clearance]: Clearance violation ( clearance 0.2000 mm; actual 0.1000 mm)
    Local override; error
    @(109.4000 mm, 55.6500 mm): Track [BT_OUT_R] on F.Cu, length 29.3500 mm
    @(108.0000 mm, 62.5000 mm): PTH pad 2 [J_AUX_L] of J_AUX
[tracks_crossing]: Tracks crossing
    Local override; error
    @(109.4000 mm, 62.5000 mm): Track [J_AUX_L] on F.Cu, length 23.7700 mm
    @(109.4000 mm, 60.0000 mm): Track [J_AUX_R] on F.Cu, length 27.5400 mm
[shorting_items]: Items shorting two nets (nets OUT_CENTER and SUM_CENTER)
    Local override; error
    @(186.6000 mm, 84.3700 mm): Track [OUT_CENTER] on F.Cu, length 42.8166 mm
    @(186.6000 mm, 85.6350 mm): Pad 6 [SUM_CENTER] of U_OP3 on F.Cu
[tracks_crossing]: Tracks crossing
    Local override; error
    @(109.4000 mm, 53.1100 mm): Track [BT_OUT_L] on F.Cu, length 30.6200 mm
    @(95.0000 mm, 54.9200 mm): Track [VCC_5V] on F.Cu, length 27.0000 mm
[shorting_items]: Items shorting two nets (nets OUT_SL_P and OUT_SL_N)
    Local override; error
    @(164.2000 mm, 156.0000 mm): Track [OUT_SL_P] on F.Cu, length 53.8000 mm
    @(176.2000 mm, 156.0000 mm): Pad 2 [OUT_SL_N] of L6 on F.Cu
[tracks_crossing]: Tracks crossing
    Local override; error
    @(114.6000 mm, 62.5400 mm): Track [USB_R] on F.Cu, length 25.0000 mm
    @(114.6000 mm, 87.5000 mm): Track [MUX_A] on F.Cu, length 3.7700 mm
[tracks_crossing]: Tracks crossing
    Local override; error
    @(95.0000 mm, 78.0000 mm): Track [VCC_5V] on F.Cu, length 23.0800 mm
    @(78.0000 mm, 60.0000 mm): Track [VGND_12V] on F.Cu, length 54.9181 mm
[tracks_crossing]: Tracks crossing
    Local override; error
    @(109.4000 mm, 62.5000 mm): Track [J_AUX_L] on F.Cu, length 23.7700 mm
    @(95.0000 mm, 78.0000 mm): Track [VCC_5V] on F.Cu, length 39.6000 mm
[shorting_items]: Items shorting two nets (nets VCC_24V_RAW and VCC_5V)
    Local override; error
    @(194.0000 mm, 122.0000 mm): PTH pad 3 [VCC_24V_RAW] of K1
    @(95.0000 mm, 122.0000 mm): Track [VCC_5V] on F.Cu, length 99.0000 mm
[shorting_items]: Items shorting two nets (nets VGND_12V and VCC_5V)
    Local override; error
    @(132.0000 mm, 70.0000 mm): Track [VGND_12V] on F.Cu, length 17.0988 mm
    @(134.6000 mm, 78.0000 mm): Track [VCC_5V] on F.Cu, length 5.1000 mm
[shorting_items]: Items shorting two nets (nets VCC_5V and GND)
    Local override; error
    @(62.3000 mm, 78.0000 mm): Track [VCC_5V] on F.Cu, length 14.9000 mm
    @(59.5000 mm, 78.0000 mm): Pad 6 [GND] of U_BUCK on F.Cu
[tracks_crossing]: Tracks crossing
    Local override; error
    @(114.6000 mm, 87.5000 mm): Track [MUX_A] on F.Cu, length 3.7700 mm
    @(114.6000 mm, 85.0000 mm): Track [AUDIO_L_RAW] on F.Cu, length 14.8544 mm
[tracks_crossing]: Tracks crossing
    Local override; error
    @(109.4000 mm, 53.1100 mm): Track [BT_OUT_L] on F.Cu, length 30.6200 mm
    @(109.4000 mm, 60.0000 mm): Track [J_AUX_R] on F.Cu, length 27.5400 mm
[tracks_crossing]: Tracks crossing
    Local override; error
    @(170.6000 mm, 83.1000 mm): Track [VCC_24V] on F.Cu, length 16.0000 mm
    @(176.8000 mm, 72.2700 mm): Track [MUTE_ALL] on F.Cu, length 58.0100 mm
[clearance]: Clearance violation ( clearance 0.2000 mm; actual 0.1809 mm)
    Local override; error
    @(65.4000 mm, 78.0000 mm): Pad 3 [GND] of U_BUCK on F.Cu
    @(65.4000 mm, 76.3000 mm): Track [VCC_5V] on F.Cu, length 7.7878 mm
[shorting_items]: Items shorting two nets (nets VCC_5V and VCC_24V)
    Local override; error
    @(65.4000 mm, 79.7000 mm): Pad 2 [VCC_5V] of U_BUCK on F.Cu
    @(65.4000 mm, 131.2000 mm): Track [VCC_24V] on F.Cu, length 53.2000 mm
[shorting_items]: Items shorting two nets (nets HPF_L and OUT_SL)
    Local override; error
    @(149.4000 mm, 83.0950 mm): Pad 1 [HPF_L] of U_OP1 on F.Cu
    @(149.4000 mm, 83.1000 mm): Track [OUT_SL] on F.Cu, length 2.6000 mm
[shorting_items]: Items shorting two nets (nets VCC_24V and MUTE_ALL)
    Local override; error
    @(123.2000 mm, 131.2000 mm): Track [VCC_24V] on F.Cu, length 57.8000 mm
    @(146.8000 mm, 130.2800 mm): Track [MUTE_ALL] on F.Cu, length 30.0000 mm
[shorting_items]: Items shorting two nets (nets MUTE_ALL and VCC_24V)
    Local override; error
    @(146.8000 mm, 130.2800 mm): Track [MUTE_ALL] on F.Cu, length 30.0000 mm
    @(153.2000 mm, 131.2000 mm): Track [VCC_24V] on F.Cu, length 30.0000 mm
[shorting_items]: Items shorting two nets (nets VCC_3V3 and GND)
    Local override; error
    @(203.0000 mm, 48.0300 mm): Track [VCC_3V3] on F.Cu, length 21.4700 mm
    @(203.0000 mm, 69.5000 mm): Pad 1 [GND] of U_MCU on F.Cu
[tracks_crossing]: Tracks crossing
    Local override; error
    @(165.4000 mm, 83.1000 mm): Track [HPF_L] on F.Cu, length 1.2700 mm
    @(154.6000 mm, 83.1000 mm): Track [VCC_24V] on F.Cu, length 16.0000 mm
[shorting_items]: Items shorting two nets (nets VCC_24V_RAW and GND)
    Local override; error
    @(80.0000 mm, 144.3800 mm): Track [VCC_24V_RAW] on F.Cu, length 18.5706 mm
    @(80.0000 mm, 144.3800 mm): PTH pad 4 [GND] of BR1
[shorting_items]: Items shorting two nets (nets VCC_24V_RAW and AC_NEUTRAL)
    Local override; error
    @(80.0000 mm, 159.6200 mm): PTH pad 1 [VCC_24V_RAW] of BR1
    @(75.7500 mm, 168.0000 mm): Track [AC_NEUTRAL] on F.Cu, length 14.1150 mm
[shorting_items]: Items shorting two nets (nets AC_NEUTRAL and AC_LIVE)
    Local override; error
    @(65.0800 mm, 186.0000 mm): Track [AC_NEUTRAL] on F.Cu, length 20.9248 mm
    @(65.0800 mm, 186.0000 mm): PTH pad 1 [AC_LIVE] of J_AC
[shorting_items]: Items shorting two nets (nets HPF_R and HPF_L)
    Local override; error
    @(165.4000 mm, 84.3700 mm): Track [HPF_R] on F.Cu, length 1.2700 mm
    @(165.4000 mm, 84.3650 mm): Pad 2 [HPF_L] of U_OP2 on F.Cu
[shorting_items]: Items shorting two nets (nets GND and OUT_FL_P)
    Local override; error
    @(120.0000 mm, 128.8000 mm): PTH pad [GND] of U_AMP1
    @(123.2000 mm, 126.0500 mm): Track [OUT_FL_P] on F.Cu, length 35.6842 mm
[shorting_items]: Items shorting two nets (nets GND and VCC_24V)
    Local override; error
    @(183.2000 mm, 132.8750 mm): Pad 17 [GND] of U_AMP3 on F.Cu
    @(194.0000 mm, 134.0000 mm): Track [VCC_24V] on F.Cu, length 11.1571 mm
[shorting_items]: Items shorting two nets (nets MUTE_ALL and VCC_24V)
    Local override; error
    @(176.8000 mm, 72.2700 mm): Track [MUTE_ALL] on F.Cu, length 58.0100 mm
    @(183.2000 mm, 131.2000 mm): Track [VCC_24V] on F.Cu, length 30.0000 mm
[tracks_crossing]: Tracks crossing
    Local override; error
    @(71.2500 mm, 122.0000 mm): Track [VCC_24V_RAW] on F.Cu, length 134.7500 mm
    @(95.0000 mm, 122.0000 mm): Track [VCC_5V] on F.Cu, length 99.0000 mm
[tracks_crossing]: Tracks crossing
    Local override; error
    @(109.4000 mm, 53.1100 mm): Track [BT_OUT_L] on F.Cu, length 30.6200 mm
    @(111.5000 mm, 60.0000 mm): Track [J_AUX_R] on F.Cu, length 2.1000 mm
[tracks_crossing]: Tracks crossing
    Local override; error
    @(154.6000 mm, 86.9000 mm): Track [VGND_12V] on F.Cu, length 0.0000 mm
    @(154.6000 mm, 131.2000 mm): Track [VCC_24V] on F.Cu, length 48.1000 mm
[clearance]: Clearance violation ( clearance 0.2000 mm; actual 0.1000 mm)
    Local override; error
    @(109.4000 mm, 53.1100 mm): Track [BT_OUT_L] on F.Cu, length 30.6200 mm
    @(108.0000 mm, 62.5000 mm): PTH pad 2 [J_AUX_L] of J_AUX
[shorting_items]: Items shorting two nets (nets GND and VCC_3V3)
    Local override; error
    @(245.0000 mm, 55.0000 mm): PTH pad 1 [GND] of H
    @(242.5400 mm, 58.0000 mm): PTH pad 5 [VCC_3V3] of J_OLED
[shorting_items]: Items shorting two nets (nets GND and OLED_DC)
    Local override; error
    @(245.0000 mm, 55.0000 mm): PTH pad 1 [GND] of H
    @(245.0800 mm, 58.0000 mm): PTH pad 6 [OLED_DC] of J_OLED
[clearance]: Clearance violation ( clearance 0.2000 mm; actual 0.0830 mm)
    Local override; error
    @(245.0000 mm, 55.0000 mm): PTH pad 1 [GND] of H
    @(247.6200 mm, 58.0000 mm): PTH pad 7 [OLED_CS] of J_OLED
[shorting_items]: Items shorting two nets (nets GND and OLED_DC)
    Local override; error
    @(245.0000 mm, 55.0000 mm): PTH pad 1 [GND] of H
    @(245.0800 mm, 58.0000 mm): PTH pad 6 [OLED_DC] of J_OLED
[clearance]: Clearance violation ( clearance 0.2000 mm; actual 0.0830 mm)
    Local override; error
    @(245.0000 mm, 55.0000 mm): PTH pad 1 [GND] of H
    @(247.6200 mm, 58.0000 mm): PTH pad 7 [OLED_CS] of J_OLED
[shorting_items]: Items shorting two nets (nets GND and VCC_3V3)
    Local override; error
    @(245.0000 mm, 55.0000 mm): PTH pad 1 [GND] of H
    @(242.5400 mm, 58.0000 mm): PTH pad 5 [VCC_3V3] of J_OLED
[copper_sliver]: Copper sliver (F.Cu)
    Local override; warning
[silk_overlap]: Silkscreen clearance
    Rule: board setup constraints silk; warning
    @(52.0000 mm, 52.0000 mm): Rectangle on F.Silkscreen
    @(55.0000 mm, 52.0000 mm): Reference field of H
[silk_overlap]: Silkscreen clearance
    Rule: board setup constraints silk; warning
    @(60.0000 mm, 56.0000 mm): Reference field of U_LDO
    @(75.0000 mm, 56.0000 mm): PCB text '[ZONE 1: AC-DC POWER SUPPLY & REGULATORS]' on F.Silkscreen
[silk_overlap]: Silkscreen clearance
    Rule: board setup constraints silk; warning
    @(78.0000 mm, 56.5000 mm): Reference field of U_VGND
    @(75.0000 mm, 56.0000 mm): PCB text '[ZONE 1: AC-DC POWER SUPPLY & REGULATORS]' on F.Silkscreen
[silk_overlap]: Silkscreen clearance
    Rule: board setup constraints silk; warning
    @(245.0000 mm, 52.0000 mm): Reference field of H
    @(194.0000 mm, 52.0000 mm): Rectangle on F.Silkscreen
[silk_overlap]: Silkscreen clearance
    Rule: board setup constraints silk; warning
    @(150.0000 mm, 121.0000 mm): Reference field of U_AMP2
    @(150.0000 mm, 122.0000 mm): PCB text 'ALUMINIUM HEATSINK MOUNTING AREA (100x16mm EXTRUSION)' on F.Silkscreen
[silk_overlap]: Silkscreen clearance
    Rule: board setup constraints silk; warning
    @(229.0000 mm, 118.0000 mm): PCB text '[ZONE 5: SPEAKER PROTECTION & TERMINALS]' on F.Silkscreen
    @(100.0000 mm, 114.0000 mm): Rectangle on F.Silkscreen
[silk_overlap]: Silkscreen clearance
    Rule: board setup constraints silk; warning
    @(210.0000 mm, 114.0000 mm): Rectangle on F.Silkscreen
    @(229.0000 mm, 118.0000 mm): PCB text '[ZONE 5: SPEAKER PROTECTION & TERMINALS]' on F.Silkscreen
[silk_over_copper]: Silkscreen clipped by solder mask
    Local override; warning
    @(75.0000 mm, 56.0000 mm): PCB text '[ZONE 1: AC-DC POWER SUPPLY & REGULATORS]' on F.Silkscreen
    @(55.0000 mm, 55.0000 mm): PTH pad 1 [GND] of H
[silk_over_copper]: Silkscreen clipped by solder mask
    Local override; warning
    @(55.0000 mm, 52.0000 mm): Reference field of H
    @(55.0000 mm, 55.0000 mm): PTH pad 1 [GND] of H
[silk_over_copper]: Silkscreen clipped by solder mask
    Local override; warning
    @(75.0000 mm, 56.0000 mm): PCB text '[ZONE 1: AC-DC POWER SUPPLY & REGULATORS]' on F.Silkscreen
    @(60.0000 mm, 56.9000 mm): Pad 4 [VCC_3V3] of U_LDO on F.Cu
[silk_over_copper]: Silkscreen clipped by solder mask
    Local override; warning
    @(56.0000 mm, 78.0000 mm): Reference field of U_BUCK
    @(59.5000 mm, 78.0000 mm): Pad 6 [GND] of U_BUCK on F.Cu
[silk_over_copper]: Silkscreen clipped by solder mask
    Local override; warning
    @(60.0000 mm, 56.0000 mm): Reference field of U_LDO
    @(60.0000 mm, 56.9000 mm): Pad 4 [VCC_3V3] of U_LDO on F.Cu
[silk_over_copper]: Silkscreen clipped by solder mask
    Local override; warning
    @(60.0000 mm, 56.0000 mm): Reference field of U_LDO
    @(55.0000 mm, 55.0000 mm): PTH pad 1 [GND] of H
[silk_over_copper]: Silkscreen clipped by solder mask
    Local override; warning
    @(52.0000 mm, 52.0000 mm): Rectangle on F.Silkscreen
    @(55.0000 mm, 55.0000 mm): PTH pad 1 [GND] of H
[silk_over_copper]: Silkscreen clipped by solder mask
    Local override; warning
    @(52.0000 mm, 52.0000 mm): Rectangle on F.Silkscreen
    @(55.0000 mm, 195.0000 mm): PTH pad 1 [GND] of H
[silk_over_copper]: Silkscreen clipped by solder mask
    Local override; warning
    @(55.0000 mm, 192.0000 mm): Reference field of H
    @(55.0000 mm, 195.0000 mm): PTH pad 1 [GND] of H
[silk_over_copper]: Silkscreen clipped by solder mask
    Local override; warning
    @(138.5000 mm, 62.0000 mm): Reference field of U_BT
    @(138.1900 mm, 62.0000 mm): PTH pad 5 [BT_KEY] of U_BT
[silk_over_copper]: Silkscreen clipped by solder mask
    Local override; warning
    @(138.5000 mm, 62.0000 mm): Reference field of U_BT
    @(140.7300 mm, 62.0000 mm): PTH pad 6 [GND] of U_BT
[silk_over_copper]: Silkscreen clipped by solder mask
    Local override; warning
    @(245.0000 mm, 52.0000 mm): Reference field of H
    @(245.0000 mm, 55.0000 mm): PTH pad 1 [GND] of H
[silk_over_copper]: Silkscreen clipped by solder mask
    Local override; warning
    @(236.5000 mm, 58.0000 mm): Reference field of J_OLED
    @(237.4600 mm, 58.0000 mm): PTH pad 3 [SPI_SCK] of J_OLED
[silk_over_copper]: Silkscreen clipped by solder mask
    Local override; warning
    @(236.5000 mm, 58.0000 mm): Reference field of J_OLED
    @(234.9200 mm, 58.0000 mm): PTH pad 2 [VCC_3V3] of J_OLED
[silk_over_copper]: Silkscreen clipped by solder mask
    Local override; warning
    @(194.0000 mm, 52.0000 mm): Rectangle on F.Silkscreen
    @(245.0000 mm, 55.0000 mm): PTH pad 1 [GND] of H
[silk_over_copper]: Silkscreen clipped by solder mask
    Local override; warning
    @(194.0000 mm, 52.0000 mm): Rectangle on F.Silkscreen
    @(247.6200 mm, 58.0000 mm): PTH pad 7 [OLED_CS] of J_OLED
[silk_over_copper]: Silkscreen clipped by solder mask
    Local override; warning
    @(237.0000 mm, 75.0000 mm): Reference field of J_ENC
    @(234.9200 mm, 75.0000 mm): PTH pad 1 [GND] of J_ENC
[silk_over_copper]: Silkscreen clipped by solder mask
    Local override; warning
    @(237.0000 mm, 75.0000 mm): Reference field of J_ENC
    @(237.4600 mm, 75.0000 mm): PTH pad 2 [VCC_3V3] of J_ENC
[silk_over_copper]: Silkscreen clipped by solder mask
    Local override; warning
    @(237.0000 mm, 92.0000 mm): Reference field of J_CTRL
    @(236.1900 mm, 92.0000 mm): PTH pad 1 [VCC_3V3] of J_CTRL
[silk_over_copper]: Silkscreen clipped by solder mask
    Local override; warning
    @(237.0000 mm, 92.0000 mm): Reference field of J_CTRL
    @(238.7300 mm, 92.0000 mm): PTH pad 2 [UART_TX] of J_CTRL
[silk_over_copper]: Silkscreen clipped by solder mask
    Local override; warning
    @(105.0000 mm, 120.0000 mm): Rectangle on F.Silkscreen
    @(194.0000 mm, 134.0000 mm): PTH pad 1 [VCC_5V] of K1
[silk_over_copper]: Silkscreen clipped by solder mask
    Local override; warning
    @(105.0000 mm, 120.0000 mm): Rectangle on F.Silkscreen
    @(194.0000 mm, 122.0000 mm): PTH pad 3 [VCC_24V_RAW] of K1
[silk_over_copper]: Silkscreen clipped by solder mask
    Local override; warning
    @(119.0000 mm, 60.0000 mm): Reference field of J_USB_IN
    @(116.9200 mm, 60.0000 mm): PTH pad 1 [VCC_5V] of J_USB_IN
[silk_over_copper]: Silkscreen clipped by solder mask
    Local override; warning
    @(119.0000 mm, 60.0000 mm): Reference field of J_USB_IN
    @(119.4600 mm, 60.0000 mm): PTH pad 2 [GND] of J_USB_IN
[silk_over_copper]: Silkscreen clipped by solder mask
    Local override; warning
    @(119.0000 mm, 60.0000 mm): Reference field of J_USB_IN
    @(122.0000 mm, 60.0000 mm): PTH pad 3 [USB_L] of J_USB_IN
[silk_over_copper]: Silkscreen clipped by solder mask
    Local override; warning
    @(112.0000 mm, 81.5000 mm): Reference field of U_MUX
    @(114.6000 mm, 81.8250 mm): Pad 15 [USB_L] of U_MUX on F.Cu
[silk_over_copper]: Silkscreen clipped by solder mask
    Local override; warning
    @(112.0000 mm, 81.5000 mm): Reference field of U_MUX
    @(109.4000 mm, 81.8250 mm): Pad 2 [USB_R] of U_MUX on F.Cu
[silk_over_copper]: Silkscreen clipped by solder mask
    Local override; warning
    @(132.0000 mm, 81.5000 mm): Reference field of U_VOL
    @(129.4000 mm, 81.1900 mm): Pad 1 [VOL_CS] of U_VOL on F.Cu
[silk_over_copper]: Silkscreen clipped by solder mask
    Local override; warning
    @(245.0000 mm, 192.0000 mm): Reference field of H
    @(245.0000 mm, 195.0000 mm): PTH pad 1 [GND] of H
[silk_over_copper]: Silkscreen clipped by solder mask
    Local override; warning
    @(210.0000 mm, 114.0000 mm): Rectangle on F.Silkscreen
    @(245.0000 mm, 195.0000 mm): PTH pad 1 [GND] of H
[lib_footprint_mismatch]: Footprint 'MountingHole_3.2mm_M3' does not match copy in library 'MountingHole'
    Local override; warning
    @(55.0000 mm, 55.0000 mm): Footprint H
[lib_footprint_mismatch]: Footprint 'MountingHole_3.2mm_M3' does not match copy in library 'MountingHole'
    Local override; warning
    @(245.0000 mm, 55.0000 mm): Footprint H
[lib_footprint_mismatch]: Footprint 'MountingHole_3.2mm_M3' does not match copy in library 'MountingHole'
    Local override; warning
    @(55.0000 mm, 195.0000 mm): Footprint H
[lib_footprint_mismatch]: Footprint 'MountingHole_3.2mm_M3' does not match copy in library 'MountingHole'
    Local override; warning
    @(245.0000 mm, 195.0000 mm): Footprint H
[lib_footprint_issues]: Footprint 'TerminalBlock_1x03_P5.08mm' not found in library 'TerminalBlock'
    Local override; warning
    @(60.0000 mm, 186.0000 mm): Footprint J_AC
[lib_footprint_issues]: Footprint 'Fuseholder_5x20mm' not found in library 'Fuse'
    Local override; warning
    @(58.0000 mm, 168.0000 mm): Footprint F1
[lib_footprint_issues]: Footprint 'RV_Disc_D14mm_W4.5mm_P7.5mm' not found in library 'Varistor'
    Local override; warning
    @(72.0000 mm, 168.0000 mm): Footprint RV1
[lib_footprint_mismatch]: Footprint 'Diode_Bridge_Vishay_KBU' does not match copy in library 'Diode_THT'
    Local override; warning
    @(80.0000 mm, 152.0000 mm): Footprint BR1
[lib_footprint_mismatch]: Footprint 'CP_Radial_D18.0mm_P7.50mm' does not match copy in library 'Capacitor_THT'
    Local override; warning
    @(75.0000 mm, 128.0000 mm): Footprint C1
[lib_footprint_mismatch]: Footprint 'CP_Radial_D18.0mm_P7.50mm' does not match copy in library 'Capacitor_THT'
    Local override; warning
    @(75.0000 mm, 102.0000 mm): Footprint C2
[lib_footprint_mismatch]: Footprint 'TO-263-5_TabPin3' does not match copy in library 'Package_TO_SOT_SMD'
    Local override; warning
    @(62.0000 mm, 78.0000 mm): Footprint U_BUCK
[lib_footprint_mismatch]: Footprint 'L_12x12mm_H8mm' does not match copy in library 'Inductor_SMD'
    Local override; warning
    @(78.0000 mm, 78.0000 mm): Footprint L_BUCK
[lib_footprint_mismatch]: Footprint 'SOT-223-3_TabPin2' does not match copy in library 'Package_TO_SOT_SMD'
    Local override; warning
    @(60.0000 mm, 60.0000 mm): Footprint U_LDO
[lib_footprint_mismatch]: Footprint 'TO-92_Inline' does not match copy in library 'Package_TO_SOT_THT'
    Local override; warning
    @(78.0000 mm, 60.0000 mm): Footprint U_VGND
[lib_footprint_mismatch]: Footprint 'Jack_3.5mm_CUI_SJ1-3523N_Horizontal' does not match copy in library 'Connector_Audio'
    Local override; warning
    @(108.0000 mm, 60.0000 mm): Footprint J_AUX
[lib_footprint_mismatch]: Footprint 'PinHeader_1x05_P2.54mm_Vertical' does not match copy in library 'Connector_PinHeader_2.54mm'
    Local override; warning
    @(122.0000 mm, 60.0000 mm): Footprint J_USB_IN
[lib_footprint_mismatch]: Footprint 'PinHeader_1x12_P2.54mm_Vertical' does not match copy in library 'Connector_PinHeader_2.54mm'
    Local override; warning
    @(142.0000 mm, 62.0000 mm): Footprint U_BT
[lib_footprint_issues]: Footprint 'SOIC-16_3.9x9.6mm_P1.27mm' not found in library 'Package_SO'
    Local override; warning
    @(112.0000 mm, 85.0000 mm): Footprint U_MUX
[lib_footprint_issues]: Footprint 'SOIC-14_3.9x8.4mm_P1.27mm' not found in library 'Package_SO'
    Local override; warning
    @(132.0000 mm, 85.0000 mm): Footprint U_VOL
[lib_footprint_issues]: Footprint 'SOIC-8_3.9x4.8mm_P1.27mm' not found in library 'Package_SO'
    Local override; warning
    @(152.0000 mm, 85.0000 mm): Footprint U_OP1
[lib_footprint_issues]: Footprint 'SOIC-8_3.9x4.8mm_P1.27mm' not found in library 'Package_SO'
    Local override; warning
    @(168.0000 mm, 85.0000 mm): Footprint U_OP2
[lib_footprint_issues]: Footprint 'SOIC-8_3.9x4.8mm_P1.27mm' not found in library 'Package_SO'
    Local override; warning
    @(184.0000 mm, 85.0000 mm): Footprint U_OP3
[lib_footprint_mismatch]: Footprint 'ESP32-WROOM-32' does not match copy in library 'RF_Module'
    Local override; warning
    @(212.0000 mm, 75.0000 mm): Footprint U_MCU
[lib_footprint_mismatch]: Footprint 'PinHeader_1x07_P2.54mm_Vertical' does not match copy in library 'Connector_PinHeader_2.54mm'
    Local override; warning
    @(240.0000 mm, 58.0000 mm): Footprint J_OLED
[lib_footprint_mismatch]: Footprint 'PinHeader_1x05_P2.54mm_Vertical' does not match copy in library 'Connector_PinHeader_2.54mm'
    Local override; warning
    @(240.0000 mm, 75.0000 mm): Footprint J_ENC
[lib_footprint_mismatch]: Footprint 'PinHeader_1x04_P2.54mm_Vertical' does not match copy in library 'Connector_PinHeader_2.54mm'
    Local override; warning
    @(240.0000 mm, 92.0000 mm): Footprint J_CTRL
[lib_footprint_issues]: Footprint 'IRReceiver_Vishay_CAST-3pin' not found in library 'OptoDevice'
    Local override; warning
    @(240.0000 mm, 105.0000 mm): Footprint U_IR
[lib_footprint_issues]: Footprint 'HTSSOP-32-1EP_6.1x11mm_P0.65mm_EP3.1x6.1mm_ThermalVias' not found in library 'Package_SO'
    Local override; warning
    @(120.0000 mm, 128.0000 mm): Footprint U_AMP1
[lib_footprint_issues]: Footprint 'HTSSOP-32-1EP_6.1x11mm_P0.65mm_EP3.1x6.1mm_ThermalVias' not found in library 'Package_SO'
    Local override; warning
    @(150.0000 mm, 128.0000 mm): Footprint U_AMP2
[lib_footprint_issues]: Footprint 'HTSSOP-32-1EP_6.1x11mm_P0.65mm_EP3.1x6.1mm_ThermalVias' not found in library 'Package_SO'
    Local override; warning
    @(180.0000 mm, 128.0000 mm): Footprint U_AMP3
[lib_footprint_mismatch]: Footprint 'Relay_SPST_SANYOU_SRD_Series_Form_A' does not match copy in library 'Relay_THT'
    Local override; warning
    @(200.0000 mm, 128.0000 mm): Footprint K1
[lib_footprint_mismatch]: Footprint 'SOT-23' does not match copy in library 'Package_TO_SOT_SMD'
    Local override; warning
    @(200.0000 mm, 144.0000 mm): Footprint Q1
[lib_footprint_mismatch]: Footprint 'CP_Radial_D12.5mm_P5.00mm' does not match copy in library 'Capacitor_THT'
    Local override; warning
    @(120.0000 mm, 142.0000 mm): Footprint C_BULK1
[lib_footprint_mismatch]: Footprint 'CP_Radial_D12.5mm_P5.00mm' does not match copy in library 'Capacitor_THT'
    Local override; warning
    @(150.0000 mm, 142.0000 mm): Footprint C_BULK2
[lib_footprint_mismatch]: Footprint 'CP_Radial_D12.5mm_P5.00mm' does not match copy in library 'Capacitor_THT'
    Local override; warning
    @(180.0000 mm, 142.0000 mm): Footprint C_BULK3
[lib_footprint_mismatch]: Footprint 'L_10.4x10.4_H4.8' does not match copy in library 'Inductor_SMD'
    Local override; warning
    @(108.0000 mm, 156.0000 mm): Footprint L1
[lib_footprint_mismatch]: Footprint 'C_Rect_L7.2mm_W4.5mm_P5.00mm_FKS2_FKP2_MKS2_MKP2' does not match copy in library 'Capacitor_THT'
    Local override; warning
    @(108.0000 mm, 165.0000 mm): Footprint C_O1
[lib_footprint_mismatch]: Footprint 'L_10.4x10.4_H4.8' does not match copy in library 'Inductor_SMD'
    Local override; warning
    @(120.0000 mm, 156.0000 mm): Footprint L2
[lib_footprint_mismatch]: Footprint 'C_Rect_L7.2mm_W4.5mm_P5.00mm_FKS2_FKP2_MKS2_MKP2' does not match copy in library 'Capacitor_THT'
    Local override; warning
    @(120.0000 mm, 165.0000 mm): Footprint C_O2
[lib_footprint_mismatch]: Footprint 'L_10.4x10.4_H4.8' does not match copy in library 'Inductor_SMD'
    Local override; warning
    @(134.0000 mm, 156.0000 mm): Footprint L3
[lib_footprint_mismatch]: Footprint 'C_Rect_L7.2mm_W4.5mm_P5.00mm_FKS2_FKP2_MKS2_MKP2' does not match copy in library 'Capacitor_THT'
    Local override; warning
    @(134.0000 mm, 165.0000 mm): Footprint C_O3
[lib_footprint_mismatch]: Footprint 'L_10.4x10.4_H4.8' does not match copy in library 'Inductor_SMD'
    Local override; warning
    @(146.0000 mm, 156.0000 mm): Footprint L4
[lib_footprint_mismatch]: Footprint 'C_Rect_L7.2mm_W4.5mm_P5.00mm_FKS2_FKP2_MKS2_MKP2' does not match copy in library 'Capacitor_THT'
    Local override; warning
    @(146.0000 mm, 165.0000 mm): Footprint C_O4
[lib_footprint_mismatch]: Footprint 'L_10.4x10.4_H4.8' does not match copy in library 'Inductor_SMD'
    Local override; warning
    @(160.0000 mm, 156.0000 mm): Footprint L5
[lib_footprint_mismatch]: Footprint 'C_Rect_L7.2mm_W4.5mm_P5.00mm_FKS2_FKP2_MKS2_MKP2' does not match copy in library 'Capacitor_THT'
    Local override; warning
    @(160.0000 mm, 165.0000 mm): Footprint C_O5
[lib_footprint_mismatch]: Footprint 'L_10.4x10.4_H4.8' does not match copy in library 'Inductor_SMD'
    Local override; warning
    @(172.0000 mm, 156.0000 mm): Footprint L6
[lib_footprint_mismatch]: Footprint 'C_Rect_L7.2mm_W4.5mm_P5.00mm_FKS2_FKP2_MKS2_MKP2' does not match copy in library 'Capacitor_THT'
    Local override; warning
    @(172.0000 mm, 165.0000 mm): Footprint C_O6
[lib_footprint_mismatch]: Footprint 'L_10.4x10.4_H4.8' does not match copy in library 'Inductor_SMD'
    Local override; warning
    @(108.0000 mm, 172.0000 mm): Footprint L7
[lib_footprint_mismatch]: Footprint 'C_Rect_L7.2mm_W4.5mm_P5.00mm_FKS2_FKP2_MKS2_MKP2' does not match copy in library 'Capacitor_THT'
    Local override; warning
    @(108.0000 mm, 181.0000 mm): Footprint C_O7
[lib_footprint_mismatch]: Footprint 'L_10.4x10.4_H4.8' does not match copy in library 'Inductor_SMD'
    Local override; warning
    @(120.0000 mm, 172.0000 mm): Footprint L8
[lib_footprint_mismatch]: Footprint 'C_Rect_L7.2mm_W4.5mm_P5.00mm_FKS2_FKP2_MKS2_MKP2' does not match copy in library 'Capacitor_THT'
    Local override; warning
    @(120.0000 mm, 181.0000 mm): Footprint C_O8
[lib_footprint_mismatch]: Footprint 'L_10.4x10.4_H4.8' does not match copy in library 'Inductor_SMD'
    Local override; warning
    @(134.0000 mm, 172.0000 mm): Footprint L9
[lib_footprint_mismatch]: Footprint 'C_Rect_L7.2mm_W4.5mm_P5.00mm_FKS2_FKP2_MKS2_MKP2' does not match copy in library 'Capacitor_THT'
    Local override; warning
    @(134.0000 mm, 181.0000 mm): Footprint C_O9
[lib_footprint_mismatch]: Footprint 'L_10.4x10.4_H4.8' does not match copy in library 'Inductor_SMD'
    Local override; warning
    @(146.0000 mm, 172.0000 mm): Footprint L10
[lib_footprint_mismatch]: Footprint 'C_Rect_L7.2mm_W4.5mm_P5.00mm_FKS2_FKP2_MKS2_MKP2' does not match copy in library 'Capacitor_THT'
    Local override; warning
    @(146.0000 mm, 181.0000 mm): Footprint C_O10
[lib_footprint_mismatch]: Footprint 'L_10.4x10.4_H4.8' does not match copy in library 'Inductor_SMD'
    Local override; warning
    @(160.0000 mm, 172.0000 mm): Footprint L11
[lib_footprint_mismatch]: Footprint 'C_Rect_L7.2mm_W4.5mm_P5.00mm_FKS2_FKP2_MKS2_MKP2' does not match copy in library 'Capacitor_THT'
    Local override; warning
    @(160.0000 mm, 181.0000 mm): Footprint C_O11
[lib_footprint_mismatch]: Footprint 'L_10.4x10.4_H4.8' does not match copy in library 'Inductor_SMD'
    Local override; warning
    @(172.0000 mm, 172.0000 mm): Footprint L12
[lib_footprint_mismatch]: Footprint 'C_Rect_L7.2mm_W4.5mm_P5.00mm_FKS2_FKP2_MKS2_MKP2' does not match copy in library 'Capacitor_THT'
    Local override; warning
    @(172.0000 mm, 181.0000 mm): Footprint C_O12
[lib_footprint_mismatch]: Footprint 'Fuse_1812_4532Metric' does not match copy in library 'Fuse'
    Local override; warning
    @(220.0000 mm, 122.5000 mm): Footprint PF_FL
[lib_footprint_issues]: Footprint 'TerminalBlock_1x02_P5.08mm' not found in library 'TerminalBlock'
    Local override; warning
    @(238.0000 mm, 124.0000 mm): Footprint J_SPK_FL
[lib_footprint_mismatch]: Footprint 'Fuse_1812_4532Metric' does not match copy in library 'Fuse'
    Local override; warning
    @(220.0000 mm, 134.5000 mm): Footprint PF_FR
[lib_footprint_issues]: Footprint 'TerminalBlock_1x02_P5.08mm' not found in library 'TerminalBlock'
    Local override; warning
    @(238.0000 mm, 136.0000 mm): Footprint J_SPK_FR
[lib_footprint_mismatch]: Footprint 'Fuse_1812_4532Metric' does not match copy in library 'Fuse'
    Local override; warning
    @(220.0000 mm, 146.5000 mm): Footprint PF_SL
[lib_footprint_issues]: Footprint 'TerminalBlock_1x02_P5.08mm' not found in library 'TerminalBlock'
    Local override; warning
    @(238.0000 mm, 148.0000 mm): Footprint J_SPK_SL
[lib_footprint_mismatch]: Footprint 'Fuse_1812_4532Metric' does not match copy in library 'Fuse'
    Local override; warning
    @(220.0000 mm, 158.5000 mm): Footprint PF_SR
[lib_footprint_issues]: Footprint 'TerminalBlock_1x02_P5.08mm' not found in library 'TerminalBlock'
    Local override; warning
    @(238.0000 mm, 160.0000 mm): Footprint J_SPK_SR
[lib_footprint_mismatch]: Footprint 'Fuse_1812_4532Metric' does not match copy in library 'Fuse'
    Local override; warning
    @(220.0000 mm, 170.5000 mm): Footprint PF_C
[lib_footprint_issues]: Footprint 'TerminalBlock_1x02_P5.08mm' not found in library 'TerminalBlock'
    Local override; warning
    @(238.0000 mm, 172.0000 mm): Footprint J_SPK_C
[lib_footprint_mismatch]: Footprint 'Fuse_1812_4532Metric' does not match copy in library 'Fuse'
    Local override; warning
    @(220.0000 mm, 182.5000 mm): Footprint PF_SUB
[lib_footprint_issues]: Footprint 'TerminalBlock_1x02_P5.08mm' not found in library 'TerminalBlock'
    Local override; warning
    @(238.0000 mm, 184.0000 mm): Footprint J_SPK_SUB
[hole_to_hole]: Drilled hole too close to other hole (board setup constraints min 0.2500 mm; actual 0.0000 mm)
    Rule: board setup constraints; warning
    @(68.2500 mm, 168.0000 mm): PTH pad 1 [AC_LIVE] of RV1
    @(69.3000 mm, 168.0000 mm): PTH pad 2 [AC_LIVE] of F1
[track_dangling]: Track has unconnected end
    Local override; warning
    @(54.9200 mm, 186.0000 mm): Track [AC_NEUTRAL] on F.Cu, length 7.3740 mm
[track_dangling]: Track has unconnected end
    Local override; warning
    @(58.0000 mm, 156.7000 mm): Track [AC_LIVE] on F.Cu, length 15.2562 mm
[track_dangling]: Track has unconnected end
    Local override; warning
    @(95.0000 mm, 54.9200 mm): Track [VCC_5V] on F.Cu, length 27.0000 mm
[track_dangling]: Track has unconnected end
    Local override; warning
    @(240.0000 mm, 72.4600 mm): Track [VCC_3V3] on F.Cu, length 0.0000 mm
[track_dangling]: Track has unconnected end
    Local override; warning
    @(109.4000 mm, 60.0000 mm): Track [J_AUX_R] on F.Cu, length 27.5400 mm
[track_dangling]: Track has unconnected end
    Local override; warning
    @(142.0000 mm, 53.1100 mm): Track [BT_OUT_L] on F.Cu, length 32.6000 mm
[track_dangling]: Track has unconnected end
    Local override; warning
    @(142.0000 mm, 55.6500 mm): Track [BT_OUT_R] on F.Cu, length 32.6000 mm
[track_dangling]: Track has unconnected end
    Local override; warning
    @(122.0000 mm, 62.5400 mm): Track [USB_R] on F.Cu, length 7.4000 mm
[track_dangling]: Track has unconnected end
    Local override; warning
    @(132.0000 mm, 78.6200 mm): Track [SPI_SCK] on F.Cu, length 1.3000 mm
[track_dangling]: Track has unconnected end
    Local override; warning
    @(132.0000 mm, 77.3500 mm): Track [SPI_MISO] on F.Cu, length 5.1100 mm
[track_dangling]: Track has unconnected end
    Local override; warning
    @(129.4000 mm, 87.5000 mm): Track [VOL_CS] on F.Cu, length 4.4000 mm
[track_dangling]: Track has unconnected end
    Local override; warning
    @(180.0000 mm, 70.7700 mm): Track [NTC_ADC] on F.Cu, length 44.2300 mm
[track_dangling]: Track has unconnected end
    Local override; warning
    @(240.0000 mm, 83.7000 mm): Track [UART_RX] on F.Cu, length 9.5700 mm

** Found 231 unconnected pads **
[unconnected_items]: Missing connection between items
    Local override; error
    @(55.0000 mm, 55.0000 mm): PTH pad 1 [GND] of H
    @(57.7000 mm, 63.1000 mm): Pad 1 [GND] of U_LDO on F.Cu
[unconnected_items]: Missing connection between items
    Local override; error
    @(59.5000 mm, 78.0000 mm): Pad 6 [GND] of U_BUCK on F.Cu
    @(65.4000 mm, 78.0000 mm): Pad 3 [GND] of U_BUCK on F.Cu
[unconnected_items]: Missing connection between items
    Local override; error
    @(60.0000 mm, 186.0000 mm): PTH pad 2 [GND] of J_AC
    @(55.0000 mm, 195.0000 mm): PTH pad 1 [GND] of H
[unconnected_items]: Missing connection between items
    Local override; error
    @(60.0000 mm, 186.0000 mm): PTH pad 2 [GND] of J_AC
    @(80.0000 mm, 144.3800 mm): PTH pad 4 [GND] of BR1
[unconnected_items]: Missing connection between items
    Local override; error
    @(65.4000 mm, 74.6000 mm): Pad 5 [GND] of U_BUCK on F.Cu
    @(65.4000 mm, 78.0000 mm): Pad 3 [GND] of U_BUCK on F.Cu
[unconnected_items]: Missing connection between items
    Local override; error
    @(65.4000 mm, 74.6000 mm): Pad 5 [GND] of U_BUCK on F.Cu
    @(57.7000 mm, 63.1000 mm): Pad 1 [GND] of U_LDO on F.Cu
[unconnected_items]: Missing connection between items
    Local override; error
    @(65.4000 mm, 74.6000 mm): Pad 5 [GND] of U_BUCK on F.Cu
    @(80.5400 mm, 60.0000 mm): PTH pad 3 [GND] of U_VGND
[unconnected_items]: Missing connection between items
    Local override; error
    @(65.4000 mm, 78.0000 mm): Pad 3 [GND] of U_BUCK on F.Cu
    @(78.7500 mm, 102.0000 mm): PTH pad 2 [GND] of C2
[unconnected_items]: Missing connection between items
    Local override; error
    @(78.7500 mm, 128.0000 mm): PTH pad 2 [GND] of C1
    @(80.0000 mm, 144.3800 mm): PTH pad 4 [GND] of BR1
[unconnected_items]: Missing connection between items
    Local override; error
    @(78.7500 mm, 128.0000 mm): PTH pad 2 [GND] of C1
    @(78.7500 mm, 102.0000 mm): PTH pad 2 [GND] of C2
[unconnected_items]: Missing connection between items
    Local override; error
    @(80.5400 mm, 60.0000 mm): PTH pad 3 [GND] of U_VGND
    @(104.5000 mm, 60.0000 mm): PTH pad 1 [GND] of J_AUX
[unconnected_items]: Missing connection between items
    Local override; error
    @(104.5000 mm, 60.0000 mm): PTH pad 1 [GND] of J_AUX
    @(119.4600 mm, 60.0000 mm): PTH pad 2 [GND] of J_USB_IN
[unconnected_items]: Missing connection between items
    Local override; error
    @(109.4000 mm, 86.9050 mm): Pad 6 [GND] of U_MUX on F.Cu
    @(109.4000 mm, 88.1750 mm): Pad 7 [GND] of U_MUX on F.Cu
[unconnected_items]: Missing connection between items
    Local override; error
    @(109.4000 mm, 86.9050 mm): Pad 6 [GND] of U_MUX on F.Cu
    @(109.4000 mm, 84.3650 mm): Pad 4 [GND] of U_MUX on F.Cu
[unconnected_items]: Missing connection between items
    Local override; error
    @(109.4000 mm, 86.9050 mm): Pad 6 [GND] of U_MUX on F.Cu
    @(114.6000 mm, 86.9050 mm): Pad 11 [GND] of U_MUX on F.Cu
[unconnected_items]: Missing connection between items
    Local override; error
    @(109.4000 mm, 89.4450 mm): Pad 8 [GND] of U_MUX on F.Cu
    @(109.4000 mm, 88.1750 mm): Pad 7 [GND] of U_MUX on F.Cu
[unconnected_items]: Missing connection between items
    Local override; error
    @(110.5000 mm, 165.0000 mm): PTH pad 2 [GND] of C_O1
    @(122.5000 mm, 165.0000 mm): PTH pad 2 [GND] of C_O2
[unconnected_items]: Missing connection between items
    Local override; error
    @(114.6000 mm, 86.9050 mm): Pad 11 [GND] of U_MUX on F.Cu
    @(129.4000 mm, 85.0000 mm): Pad 4 [GND] of U_VOL on F.Cu
[unconnected_items]: Missing connection between items
    Local override; error
    @(116.8000 mm, 123.1250 mm): Pad 1 [GND] of U_AMP1 on F.Cu
    @(109.4000 mm, 89.4450 mm): Pad 8 [GND] of U_MUX on F.Cu
[unconnected_items]: Missing connection between items
    Local override; error
    @(116.8000 mm, 125.7250 mm): Pad 5 [GND] of U_AMP1 on F.Cu
    @(116.8000 mm, 126.3750 mm): Pad 6 [GND] of U_AMP1 on F.Cu
[unconnected_items]: Missing connection between items
    Local override; error
    @(116.8000 mm, 125.7250 mm): Pad 5 [GND] of U_AMP1 on F.Cu
    @(116.8000 mm, 123.1250 mm): Pad 1 [GND] of U_AMP1 on F.Cu
[unconnected_items]: Missing connection between items
    Local override; error
    @(116.8000 mm, 128.3250 mm): Pad 9 [GND] of U_AMP1 on F.Cu
    @(116.8000 mm, 128.9750 mm): Pad 10 [GND] of U_AMP1 on F.Cu
[unconnected_items]: Missing connection between items
    Local override; error
    @(116.8000 mm, 128.3250 mm): Pad 9 [GND] of U_AMP1 on F.Cu
    @(116.8000 mm, 126.3750 mm): Pad 6 [GND] of U_AMP1 on F.Cu
[unconnected_items]: Missing connection between items
    Local override; error
    @(116.8000 mm, 128.9750 mm): Pad 10 [GND] of U_AMP1 on F.Cu
    @(116.8000 mm, 129.6250 mm): Pad 11 [GND] of U_AMP1 on F.Cu
[unconnected_items]: Missing connection between items
    Local override; error
    @(116.8000 mm, 128.9750 mm): Pad 10 [GND] of U_AMP1 on F.Cu
    @(118.8000 mm, 128.8000 mm): PTH pad [GND] of U_AMP1
[unconnected_items]: Missing connection between items
    Local override; error
    @(116.8000 mm, 130.9250 mm): Pad 13 [GND] of U_AMP1 on F.Cu
    @(116.8000 mm, 129.6250 mm): Pad 11 [GND] of U_AMP1 on F.Cu
[unconnected_items]: Missing connection between items
    Local override; error
    @(116.8000 mm, 132.2250 mm): Pad 15 [GND] of U_AMP1 on F.Cu
    @(116.8000 mm, 130.9250 mm): Pad 13 [GND] of U_AMP1 on F.Cu
[unconnected_items]: Missing connection between items
    Local override; error
    @(116.8000 mm, 132.8750 mm): Pad 16 [GND] of U_AMP1 on F.Cu
    @(116.8000 mm, 132.2250 mm): Pad 15 [GND] of U_AMP1 on F.Cu
[unconnected_items]: Missing connection between items
    Local override; error
    @(119.4600 mm, 60.0000 mm): PTH pad 2 [GND] of J_USB_IN
    @(127.0800 mm, 60.0000 mm): PTH pad 5 [GND] of J_USB_IN
[unconnected_items]: Missing connection between items
    Local override; error
    @(121.2000 mm, 127.2000 mm): PTH pad [GND] of U_AMP1
    @(123.2000 mm, 127.6750 mm): Pad 25 [GND] of U_AMP1 on F.Cu
[unconnected_items]: Missing connection between items
    Local override; error
    @(122.5000 mm, 142.0000 mm): PTH pad 2 [GND] of C_BULK1
    @(123.2000 mm, 132.8750 mm): Pad 17 [GND] of U_AMP1 on F.Cu
[unconnected_items]: Missing connection between items
    Local override; error
    @(122.5000 mm, 142.0000 mm): PTH pad 2 [GND] of C_BULK1
    @(122.5000 mm, 165.0000 mm): PTH pad 2 [GND] of C_O2
[unconnected_items]: Missing connection between items
    Local override; error
    @(122.5000 mm, 181.0000 mm): PTH pad 2 [GND] of C_O8
    @(110.5000 mm, 181.0000 mm): PTH pad 2 [GND] of C_O7
[unconnected_items]: Missing connection between items
    Local override; error
    @(122.5000 mm, 181.0000 mm): PTH pad 2 [GND] of C_O8
    @(136.5000 mm, 181.0000 mm): PTH pad 2 [GND] of C_O9
[unconnected_items]: Missing connection between items
    Local override; error
    @(122.5000 mm, 181.0000 mm): PTH pad 2 [GND] of C_O8
    @(122.5000 mm, 165.0000 mm): PTH pad 2 [GND] of C_O2
[unconnected_items]: Missing connection between items
    Local override; error
    @(123.2000 mm, 123.7750 mm): Pad 31 [GND] of U_AMP1 on F.Cu
    @(123.2000 mm, 127.6750 mm): Pad 25 [GND] of U_AMP1 on F.Cu
[unconnected_items]: Missing connection between items
    Local override; error
    @(123.2000 mm, 131.5750 mm): Pad 19 [GND] of U_AMP1 on F.Cu
    @(123.2000 mm, 132.8750 mm): Pad 17 [GND] of U_AMP1 on F.Cu
[unconnected_items]: Missing connection between items
    Local override; error
    @(123.2000 mm, 131.5750 mm): Pad 19 [GND] of U_AMP1 on F.Cu
    @(121.2000 mm, 128.8000 mm): PTH pad [GND] of U_AMP1
[unconnected_items]: Missing connection between items
    Local override; error
    @(127.0800 mm, 60.0000 mm): PTH pad 5 [GND] of J_USB_IN
    @(130.5700 mm, 62.0000 mm): PTH pad 2 [GND] of U_BT
[unconnected_items]: Missing connection between items
    Local override; error
    @(129.4000 mm, 85.0000 mm): Pad 4 [GND] of U_VOL on F.Cu
    @(149.4000 mm, 86.9050 mm): Pad 4 [GND] of U_OP1 on F.Cu
[unconnected_items]: Missing connection between items
    Local override; error
    @(129.4000 mm, 85.0000 mm): Pad 4 [GND] of U_VOL on F.Cu
    @(130.5700 mm, 62.0000 mm): PTH pad 2 [GND] of U_BT
[unconnected_items]: Missing connection between items
    Local override; error
    @(136.5000 mm, 165.0000 mm): PTH pad 2 [GND] of C_O3
    @(148.5000 mm, 165.0000 mm): PTH pad 2 [GND] of C_O4
[unconnected_items]: Missing connection between items
    Local override; error
    @(136.5000 mm, 165.0000 mm): PTH pad 2 [GND] of C_O3
    @(122.5000 mm, 165.0000 mm): PTH pad 2 [GND] of C_O2
[unconnected_items]: Missing connection between items
    Local override; error
    @(136.5000 mm, 181.0000 mm): PTH pad 2 [GND] of C_O9
    @(148.5000 mm, 181.0000 mm): PTH pad 2 [GND] of C_O10
[unconnected_items]: Missing connection between items
    Local override; error
    @(140.7300 mm, 62.0000 mm): PTH pad 6 [GND] of U_BT
    @(143.2700 mm, 62.0000 mm): PTH pad 7 [GND] of U_BT
[unconnected_items]: Missing connection between items
    Local override; error
    @(140.7300 mm, 62.0000 mm): PTH pad 6 [GND] of U_BT
    @(130.5700 mm, 62.0000 mm): PTH pad 2 [GND] of U_BT
[unconnected_items]: Missing connection between items
    Local override; error
    @(143.2700 mm, 62.0000 mm): PTH pad 7 [GND] of U_BT
    @(145.8100 mm, 62.0000 mm): PTH pad 8 [GND] of U_BT
[unconnected_items]: Missing connection between items
    Local override; error
    @(146.8000 mm, 123.1250 mm): Pad 1 [GND] of U_AMP2 on F.Cu
    @(146.8000 mm, 125.7250 mm): Pad 5 [GND] of U_AMP2 on F.Cu
[unconnected_items]: Missing connection between items
    Local override; error
    @(146.8000 mm, 125.7250 mm): Pad 5 [GND] of U_AMP2 on F.Cu
    @(146.8000 mm, 126.3750 mm): Pad 6 [GND] of U_AMP2 on F.Cu
[unconnected_items]: Missing connection between items
    Local override; error
    @(146.8000 mm, 128.3250 mm): Pad 9 [GND] of U_AMP2 on F.Cu
    @(146.8000 mm, 126.3750 mm): Pad 6 [GND] of U_AMP2 on F.Cu
[unconnected_items]: Missing connection between items
    Local override; error
    @(146.8000 mm, 128.9750 mm): Pad 10 [GND] of U_AMP2 on F.Cu
    @(146.8000 mm, 129.6250 mm): Pad 11 [GND] of U_AMP2 on F.Cu
[unconnected_items]: Missing connection between items
    Local override; error
    @(146.8000 mm, 128.9750 mm): Pad 10 [GND] of U_AMP2 on F.Cu
    @(146.8000 mm, 128.3250 mm): Pad 9 [GND] of U_AMP2 on F.Cu
[unconnected_items]: Missing connection between items
    Local override; error
    @(146.8000 mm, 129.6250 mm): Pad 11 [GND] of U_AMP2 on F.Cu
    @(146.8000 mm, 130.9250 mm): Pad 13 [GND] of U_AMP2 on F.Cu
[unconnected_items]: Missing connection between items
    Local override; error
    @(146.8000 mm, 132.2250 mm): Pad 15 [GND] of U_AMP2 on F.Cu
    @(146.8000 mm, 132.8750 mm): Pad 16 [GND] of U_AMP2 on F.Cu
[unconnected_items]: Missing connection between items
    Local override; error
    @(146.8000 mm, 132.2250 mm): Pad 15 [GND] of U_AMP2 on F.Cu
    @(146.8000 mm, 130.9250 mm): Pad 13 [GND] of U_AMP2 on F.Cu
[unconnected_items]: Missing connection between items
    Local override; error
    @(148.3500 mm, 62.0000 mm): PTH pad 9 [GND] of U_BT
    @(145.8100 mm, 62.0000 mm): PTH pad 8 [GND] of U_BT
[unconnected_items]: Missing connection between items
    Local override; error
    @(148.3500 mm, 62.0000 mm): PTH pad 9 [GND] of U_BT
    @(150.8900 mm, 62.0000 mm): PTH pad 10 [GND] of U_BT
[unconnected_items]: Missing connection between items
    Local override; error
    @(148.5000 mm, 181.0000 mm): PTH pad 2 [GND] of C_O10
    @(162.5000 mm, 181.0000 mm): PTH pad 2 [GND] of C_O11
[unconnected_items]: Missing connection between items
    Local override; error
    @(148.8000 mm, 128.8000 mm): PTH pad [GND] of U_AMP2
    @(146.8000 mm, 128.9750 mm): Pad 10 [GND] of U_AMP2 on F.Cu
[unconnected_items]: Missing connection between items
    Local override; error
    @(149.4000 mm, 86.9050 mm): Pad 4 [GND] of U_OP1 on F.Cu
    @(165.4000 mm, 86.9050 mm): Pad 4 [GND] of U_OP2 on F.Cu
[unconnected_items]: Missing connection between items
    Local override; error
    @(151.2000 mm, 127.2000 mm): PTH pad [GND] of U_AMP2
    @(153.2000 mm, 127.6750 mm): Pad 25 [GND] of U_AMP2 on F.Cu
[unconnected_items]: Missing connection between items
    Local override; error
    @(152.5000 mm, 142.0000 mm): PTH pad 2 [GND] of C_BULK2
    @(153.2000 mm, 132.8750 mm): Pad 17 [GND] of U_AMP2 on F.Cu
[unconnected_items]: Missing connection between items
    Local override; error
    @(152.5000 mm, 142.0000 mm): PTH pad 2 [GND] of C_BULK2
    @(148.5000 mm, 165.0000 mm): PTH pad 2 [GND] of C_O4
[unconnected_items]: Missing connection between items
    Local override; error
    @(153.2000 mm, 123.7750 mm): Pad 31 [GND] of U_AMP2 on F.Cu
    @(153.2000 mm, 127.6750 mm): Pad 25 [GND] of U_AMP2 on F.Cu
[unconnected_items]: Missing connection between items
    Local override; error
    @(153.2000 mm, 131.5750 mm): Pad 19 [GND] of U_AMP2 on F.Cu
    @(153.2000 mm, 132.8750 mm): Pad 17 [GND] of U_AMP2 on F.Cu
[unconnected_items]: Missing connection between items
    Local override; error
    @(153.2000 mm, 131.5750 mm): Pad 19 [GND] of U_AMP2 on F.Cu
    @(151.2000 mm, 128.8000 mm): PTH pad [GND] of U_AMP2
[unconnected_items]: Missing connection between items
    Local override; error
    @(153.4300 mm, 62.0000 mm): PTH pad 11 [GND] of U_BT
    @(150.8900 mm, 62.0000 mm): PTH pad 10 [GND] of U_BT
[unconnected_items]: Missing connection between items
    Local override; error
    @(155.9700 mm, 62.0000 mm): PTH pad 12 [GND] of U_BT
    @(153.4300 mm, 62.0000 mm): PTH pad 11 [GND] of U_BT
[unconnected_items]: Missing connection between items
    Local override; error
    @(162.5000 mm, 165.0000 mm): PTH pad 2 [GND] of C_O5
    @(174.5000 mm, 165.0000 mm): PTH pad 2 [GND] of C_O6
[unconnected_items]: Missing connection between items
    Local override; error
    @(162.5000 mm, 165.0000 mm): PTH pad 2 [GND] of C_O5
    @(148.5000 mm, 165.0000 mm): PTH pad 2 [GND] of C_O4
[unconnected_items]: Missing connection between items
    Local override; error
    @(162.5000 mm, 181.0000 mm): PTH pad 2 [GND] of C_O11
    @(174.5000 mm, 181.0000 mm): PTH pad 2 [GND] of C_O12
[unconnected_items]: Missing connection between items
    Local override; error
    @(176.8000 mm, 123.1250 mm): Pad 1 [GND] of U_AMP3 on F.Cu
    @(176.8000 mm, 125.7250 mm): Pad 5 [GND] of U_AMP3 on F.Cu
[unconnected_items]: Missing connection between items
    Local override; error
    @(176.8000 mm, 125.7250 mm): Pad 5 [GND] of U_AMP3 on F.Cu
    @(176.8000 mm, 126.3750 mm): Pad 6 [GND] of U_AMP3 on F.Cu
[unconnected_items]: Missing connection between items
    Local override; error
    @(176.8000 mm, 126.3750 mm): Pad 6 [GND] of U_AMP3 on F.Cu
    @(176.8000 mm, 128.3250 mm): Pad 9 [GND] of U_AMP3 on F.Cu
[unconnected_items]: Missing connection between items
    Local override; error
    @(176.8000 mm, 128.3250 mm): Pad 9 [GND] of U_AMP3 on F.Cu
    @(176.8000 mm, 128.9750 mm): Pad 10 [GND] of U_AMP3 on F.Cu
[unconnected_items]: Missing connection between items
    Local override; error
    @(176.8000 mm, 128.9750 mm): Pad 10 [GND] of U_AMP3 on F.Cu
    @(176.8000 mm, 129.6250 mm): Pad 11 [GND] of U_AMP3 on F.Cu
[unconnected_items]: Missing connection between items
    Local override; error
    @(176.8000 mm, 128.9750 mm): Pad 10 [GND] of U_AMP3 on F.Cu
    @(178.8000 mm, 128.8000 mm): PTH pad [GND] of U_AMP3
[unconnected_items]: Missing connection between items
    Local override; error
    @(176.8000 mm, 129.6250 mm): Pad 11 [GND] of U_AMP3 on F.Cu
    @(176.8000 mm, 130.9250 mm): Pad 13 [GND] of U_AMP3 on F.Cu
[unconnected_items]: Missing connection between items
    Local override; error
    @(176.8000 mm, 130.9250 mm): Pad 13 [GND] of U_AMP3 on F.Cu
    @(176.8000 mm, 132.2250 mm): Pad 15 [GND] of U_AMP3 on F.Cu
[unconnected_items]: Missing connection between items
    Local override; error
    @(176.8000 mm, 132.2250 mm): Pad 15 [GND] of U_AMP3 on F.Cu
    @(176.8000 mm, 132.8750 mm): Pad 16 [GND] of U_AMP3 on F.Cu
[unconnected_items]: Missing connection between items
    Local override; error
    @(176.8000 mm, 132.8750 mm): Pad 16 [GND] of U_AMP3 on F.Cu
    @(153.2000 mm, 132.8750 mm): Pad 17 [GND] of U_AMP2 on F.Cu
[unconnected_items]: Missing connection between items
    Local override; error
    @(181.2000 mm, 127.2000 mm): PTH pad [GND] of U_AMP3
    @(183.2000 mm, 127.6750 mm): Pad 25 [GND] of U_AMP3 on F.Cu
[unconnected_items]: Missing connection between items
    Local override; error
    @(181.4000 mm, 86.9050 mm): Pad 4 [GND] of U_OP3 on F.Cu
    @(165.4000 mm, 86.9050 mm): Pad 4 [GND] of U_OP2 on F.Cu
[unconnected_items]: Missing connection between items
    Local override; error
    @(181.4000 mm, 86.9050 mm): Pad 4 [GND] of U_OP3 on F.Cu
    @(203.0000 mm, 86.0100 mm): Pad 14 [GND] of U_MCU on F.Cu
[unconnected_items]: Missing connection between items
    Local override; error
    @(182.5000 mm, 142.0000 mm): PTH pad 2 [GND] of C_BULK3
    @(183.2000 mm, 132.8750 mm): Pad 17 [GND] of U_AMP3 on F.Cu
[unconnected_items]: Missing connection between items
    Local override; error
    @(182.5000 mm, 142.0000 mm): PTH pad 2 [GND] of C_BULK3
    @(200.9500 mm, 145.0000 mm): Pad 2 [GND] of Q1 on F.Cu
[unconnected_items]: Missing connection between items
    Local override; error
    @(183.2000 mm, 127.6750 mm): Pad 25 [GND] of U_AMP3 on F.Cu
    @(183.2000 mm, 123.7750 mm): Pad 31 [GND] of U_AMP3 on F.Cu
[unconnected_items]: Missing connection between items
    Local override; error
    @(183.2000 mm, 131.5750 mm): Pad 19 [GND] of U_AMP3 on F.Cu
    @(183.2000 mm, 132.8750 mm): Pad 17 [GND] of U_AMP3 on F.Cu
[unconnected_items]: Missing connection between items
    Local override; error
    @(183.2000 mm, 131.5750 mm): Pad 19 [GND] of U_AMP3 on F.Cu
    @(181.2000 mm, 128.8000 mm): PTH pad [GND] of U_AMP3
[unconnected_items]: Missing connection between items
    Local override; error
    @(203.0000 mm, 73.3100 mm): Pad 4 [GND] of U_MCU on F.Cu
    @(203.0000 mm, 69.5000 mm): Pad 1 [GND] of U_MCU on F.Cu
[unconnected_items]: Missing connection between items
    Local override; error
    @(203.0000 mm, 77.1200 mm): Pad 7 [GND] of U_MCU on F.Cu
    @(203.0000 mm, 78.3900 mm): Pad 8 [GND] of U_MCU on F.Cu
[unconnected_items]: Missing connection between items
    Local override; error
    @(203.0000 mm, 77.1200 mm): Pad 7 [GND] of U_MCU on F.Cu
    @(203.0000 mm, 73.3100 mm): Pad 4 [GND] of U_MCU on F.Cu
[unconnected_items]: Missing connection between items
    Local override; error
    @(203.0000 mm, 78.3900 mm): Pad 8 [GND] of U_MCU on F.Cu
    @(203.0000 mm, 79.6600 mm): Pad 9 [GND] of U_MCU on F.Cu
[unconnected_items]: Missing connection between items
    Local override; error
    @(203.0000 mm, 79.6600 mm): Pad 9 [GND] of U_MCU on F.Cu
    @(203.0000 mm, 80.9300 mm): Pad 10 [GND] of U_MCU on F.Cu
[unconnected_items]: Missing connection between items
    Local override; error
    @(203.0000 mm, 82.2000 mm): Pad 11 [GND] of U_MCU on F.Cu
    @(203.0000 mm, 80.9300 mm): Pad 10 [GND] of U_MCU on F.Cu
[unconnected_items]: Missing connection between items
    Local override; error
    @(203.0000 mm, 83.4700 mm): Pad 12 [GND] of U_MCU on F.Cu
    @(203.0000 mm, 82.2000 mm): Pad 11 [GND] of U_MCU on F.Cu
[unconnected_items]: Missing connection between items
    Local override; error
    @(203.0000 mm, 84.7400 mm): Pad 13 [GND] of U_MCU on F.Cu
    @(203.0000 mm, 83.4700 mm): Pad 12 [GND] of U_MCU on F.Cu
[unconnected_items]: Missing connection between items
    Local override; error
    @(203.0000 mm, 86.0100 mm): Pad 14 [GND] of U_MCU on F.Cu
    @(203.0000 mm, 84.7400 mm): Pad 13 [GND] of U_MCU on F.Cu
[unconnected_items]: Missing connection between items
    Local override; error
    @(203.0000 mm, 86.0100 mm): Pad 14 [GND] of U_MCU on F.Cu
    @(207.5700 mm, 87.5000 mm): Pad 16 [GND] of U_MCU on F.Cu
[unconnected_items]: Missing connection between items
    Local override; error
    @(207.5700 mm, 87.5000 mm): Pad 16 [GND] of U_MCU on F.Cu
    @(208.8400 mm, 87.5000 mm): Pad 17 [GND] of U_MCU on F.Cu
[unconnected_items]: Missing connection between items
    Local override; error
    @(210.1100 mm, 87.5000 mm): Pad 18 [GND] of U_MCU on F.Cu
    @(208.8400 mm, 87.5000 mm): Pad 17 [GND] of U_MCU on F.Cu
[unconnected_items]: Missing connection between items
    Local override; error
    @(212.0000 mm, 77.0000 mm): Pad 39 [GND] of U_MCU on F.Cu
    @(203.0000 mm, 77.1200 mm): Pad 7 [GND] of U_MCU on F.Cu
[unconnected_items]: Missing connection between items
    Local override; error
    @(213.9200 mm, 87.5000 mm): Pad 21 [GND] of U_MCU on F.Cu
    @(210.1100 mm, 87.5000 mm): Pad 18 [GND] of U_MCU on F.Cu
[unconnected_items]: Missing connection between items
    Local override; error
    @(215.1900 mm, 87.5000 mm): Pad 22 [GND] of U_MCU on F.Cu
    @(213.9200 mm, 87.5000 mm): Pad 21 [GND] of U_MCU on F.Cu
[unconnected_items]: Missing connection between items
    Local override; error
    @(221.0000 mm, 78.3800 mm): Pad 31 [GND] of U_MCU on F.Cu
    @(221.0000 mm, 84.7300 mm): Pad 26 [GND] of U_MCU on F.Cu
[unconnected_items]: Missing connection between items
    Local override; error
    @(221.0000 mm, 86.0000 mm): Pad 25 [GND] of U_MCU on F.Cu
    @(221.0000 mm, 84.7300 mm): Pad 26 [GND] of U_MCU on F.Cu
[unconnected_items]: Missing connection between items
    Local override; error
    @(221.0000 mm, 86.0000 mm): Pad 25 [GND] of U_MCU on F.Cu
    @(215.1900 mm, 87.5000 mm): Pad 22 [GND] of U_MCU on F.Cu
[unconnected_items]: Missing connection between items
    Local override; error
    @(232.3800 mm, 58.0000 mm): PTH pad 1 [GND] of J_OLED
    @(245.0000 mm, 55.0000 mm): PTH pad 1 [GND] of H
[unconnected_items]: Missing connection between items
    Local override; error
    @(234.9200 mm, 75.0000 mm): PTH pad 1 [GND] of J_ENC
    @(221.0000 mm, 78.3800 mm): Pad 31 [GND] of U_MCU on F.Cu
[unconnected_items]: Missing connection between items
    Local override; error
    @(234.9200 mm, 75.0000 mm): PTH pad 1 [GND] of J_ENC
    @(232.3800 mm, 58.0000 mm): PTH pad 1 [GND] of J_OLED
[unconnected_items]: Missing connection between items
    Local override; error
    @(243.8100 mm, 92.0000 mm): PTH pad 4 [GND] of J_CTRL
    @(240.0000 mm, 105.0000 mm): PTH pad 2 [GND] of U_IR
[unconnected_items]: Missing connection between items
    Local override; error
    @(243.8100 mm, 92.0000 mm): PTH pad 4 [GND] of J_CTRL
    @(234.9200 mm, 75.0000 mm): PTH pad 1 [GND] of J_ENC
[unconnected_items]: Missing connection between items
    Local override; error
    @(245.0000 mm, 195.0000 mm): PTH pad 1 [GND] of H
    @(200.9500 mm, 145.0000 mm): Pad 2 [GND] of Q1 on F.Cu
[unconnected_items]: Missing connection between items
    Local override; error
    @(80.0000 mm, 159.6200 mm): PTH pad 1 [VCC_24V_RAW] of BR1
    @(80.0000 mm, 144.3800 mm): Track [VCC_24V_RAW] on F.Cu, length 18.5706 mm
[unconnected_items]: Missing connection between items
    Local override; error
    @(75.4600 mm, 60.0000 mm): PTH pad 1 [VCC_24V] of U_VGND
    @(65.4000 mm, 131.2000 mm): Track [VCC_24V] on F.Cu, length 53.2000 mm
[unconnected_items]: Missing connection between items
    Local override; error
    @(116.8000 mm, 123.7750 mm): Pad 2 [VCC_24V] of U_AMP1 on F.Cu
    @(116.8000 mm, 127.6750 mm): Pad 8 [VCC_24V] of U_AMP1 on F.Cu
[unconnected_items]: Missing connection between items
    Local override; error
    @(116.8000 mm, 127.6750 mm): Pad 8 [VCC_24V] of U_AMP1 on F.Cu
    @(123.2000 mm, 126.3750 mm): Pad 27 [VCC_24V] of U_AMP1 on F.Cu
[unconnected_items]: Missing connection between items
    Local override; error
    @(123.2000 mm, 126.3750 mm): Pad 27 [VCC_24V] of U_AMP1 on F.Cu
    @(123.2000 mm, 125.7250 mm): Pad 28 [VCC_24V] of U_AMP1 on F.Cu
[unconnected_items]: Missing connection between items
    Local override; error
    @(123.2000 mm, 126.3750 mm): Pad 27 [VCC_24V] of U_AMP1 on F.Cu
    @(123.2000 mm, 128.9750 mm): Pad 23 [VCC_24V] of U_AMP1 on F.Cu
[unconnected_items]: Missing connection between items
    Local override; error
    @(123.2000 mm, 129.6250 mm): Pad 22 [VCC_24V] of U_AMP1 on F.Cu
    @(123.2000 mm, 128.9750 mm): Pad 23 [VCC_24V] of U_AMP1 on F.Cu
[unconnected_items]: Missing connection between items
    Local override; error
    @(123.2000 mm, 131.2000 mm): Track [VCC_24V] on F.Cu, length 31.4000 mm
    @(117.5000 mm, 142.0000 mm): PTH pad 1 [VCC_24V] of C_BULK1
[unconnected_items]: Missing connection between items
    Local override; error
    @(146.8000 mm, 123.7750 mm): Pad 2 [VCC_24V] of U_AMP2 on F.Cu
    @(146.8000 mm, 127.6750 mm): Pad 8 [VCC_24V] of U_AMP2 on F.Cu
[unconnected_items]: Missing connection between items
    Local override; error
    @(146.8000 mm, 127.6750 mm): Pad 8 [VCC_24V] of U_AMP2 on F.Cu
    @(153.2000 mm, 126.3750 mm): Pad 27 [VCC_24V] of U_AMP2 on F.Cu
[unconnected_items]: Missing connection between items
    Local override; error
    @(147.5000 mm, 142.0000 mm): PTH pad 1 [VCC_24V] of C_BULK2
    @(153.2000 mm, 131.2000 mm): Track [VCC_24V] on F.Cu, length 30.0000 mm
[unconnected_items]: Missing connection between items
    Local override; error
    @(153.2000 mm, 126.3750 mm): Pad 27 [VCC_24V] of U_AMP2 on F.Cu
    @(153.2000 mm, 125.7250 mm): Pad 28 [VCC_24V] of U_AMP2 on F.Cu
[unconnected_items]: Missing connection between items
    Local override; error
    @(153.2000 mm, 126.3750 mm): Pad 27 [VCC_24V] of U_AMP2 on F.Cu
    @(153.2000 mm, 128.9750 mm): Pad 23 [VCC_24V] of U_AMP2 on F.Cu
[unconnected_items]: Missing connection between items
    Local override; error
    @(153.2000 mm, 129.6250 mm): Pad 22 [VCC_24V] of U_AMP2 on F.Cu
    @(153.2000 mm, 128.9750 mm): Pad 23 [VCC_24V] of U_AMP2 on F.Cu
[unconnected_items]: Missing connection between items
    Local override; error
    @(154.6000 mm, 83.0950 mm): Pad 8 [VCC_24V] of U_OP1 on F.Cu
    @(114.6000 mm, 80.5550 mm): Pad 16 [VCC_24V] of U_MUX on F.Cu
[unconnected_items]: Missing connection between items
    Local override; error
    @(176.8000 mm, 127.6750 mm): Pad 8 [VCC_24V] of U_AMP3 on F.Cu
    @(176.8000 mm, 123.7750 mm): Pad 2 [VCC_24V] of U_AMP3 on F.Cu
[unconnected_items]: Missing connection between items
    Local override; error
    @(177.5000 mm, 142.0000 mm): PTH pad 1 [VCC_24V] of C_BULK3
    @(183.2000 mm, 131.2000 mm): Track [VCC_24V] on F.Cu, length 30.0000 mm
[unconnected_items]: Missing connection between items
    Local override; error
    @(183.2000 mm, 126.3750 mm): Pad 27 [VCC_24V] of U_AMP3 on F.Cu
    @(183.2000 mm, 125.7250 mm): Pad 28 [VCC_24V] of U_AMP3 on F.Cu
[unconnected_items]: Missing connection between items
    Local override; error
    @(183.2000 mm, 126.3750 mm): Pad 27 [VCC_24V] of U_AMP3 on F.Cu
    @(183.2000 mm, 128.9750 mm): Pad 23 [VCC_24V] of U_AMP3 on F.Cu
[unconnected_items]: Missing connection between items
    Local override; error
    @(183.2000 mm, 128.9750 mm): Pad 23 [VCC_24V] of U_AMP3 on F.Cu
    @(183.2000 mm, 129.6250 mm): Pad 22 [VCC_24V] of U_AMP3 on F.Cu
[unconnected_items]: Missing connection between items
    Local override; error
    @(183.2000 mm, 128.9750 mm): Pad 23 [VCC_24V] of U_AMP3 on F.Cu
    @(176.8000 mm, 127.6750 mm): Pad 8 [VCC_24V] of U_AMP3 on F.Cu
[unconnected_items]: Missing connection between items
    Local override; error
    @(194.0000 mm, 134.0000 mm): Track [VCC_24V] on F.Cu, length 11.1571 mm
    @(206.0000 mm, 122.0000 mm): PTH pad 4 [VCC_24V] of K1
[unconnected_items]: Missing connection between items
    Local override; error
    @(65.4000 mm, 79.7000 mm): Pad 2 [VCC_5V] of U_BUCK on F.Cu
    @(65.4000 mm, 76.3000 mm): Track [VCC_5V] on F.Cu, length 7.7878 mm
[unconnected_items]: Missing connection between items
    Local override; error
    @(116.9200 mm, 60.0000 mm): PTH pad 1 [VCC_5V] of J_USB_IN
    @(95.0000 mm, 54.9200 mm): Track [VCC_5V] on F.Cu, length 27.0000 mm
[unconnected_items]: Missing connection between items
    Local override; error
    @(134.6000 mm, 83.7300 mm): Pad 12 [VCC_5V] of U_VOL on F.Cu
    @(134.6000 mm, 85.0000 mm): Pad 11 [VCC_5V] of U_VOL on F.Cu
[unconnected_items]: Missing connection between items
    Local override; error
    @(194.0000 mm, 134.0000 mm): PTH pad 1 [VCC_5V] of K1
    @(95.0000 mm, 122.0000 mm): Track [VCC_5V] on F.Cu, length 99.0000 mm
[unconnected_items]: Missing connection between items
    Local override; error
    @(60.0000 mm, 56.9000 mm): Track [VCC_3V3] on F.Cu, length 82.4783 mm
    @(60.0000 mm, 63.1000 mm): Pad 2 [VCC_3V3] of U_LDO on F.Cu
[unconnected_items]: Missing connection between items
    Local override; error
    @(116.8000 mm, 127.0250 mm): Pad 7 [VCC_3V3] of U_AMP1 on F.Cu
    @(146.8000 mm, 127.0250 mm): Pad 7 [VCC_3V3] of U_AMP2 on F.Cu
[unconnected_items]: Missing connection between items
    Local override; error
    @(128.0300 mm, 62.0000 mm): PTH pad 1 [VCC_3V3] of U_BT
    @(142.0000 mm, 48.0300 mm): Track [VCC_3V3] on F.Cu, length 61.0000 mm
[unconnected_items]: Missing connection between items
    Local override; error
    @(146.8000 mm, 127.0250 mm): Pad 7 [VCC_3V3] of U_AMP2 on F.Cu
    @(176.8000 mm, 127.0250 mm): Pad 7 [VCC_3V3] of U_AMP3 on F.Cu
[unconnected_items]: Missing connection between items
    Local override; error
    @(176.8000 mm, 127.0250 mm): Pad 7 [VCC_3V3] of U_AMP3 on F.Cu
    @(203.0000 mm, 72.0400 mm): Pad 3 [VCC_3V3] of U_MCU on F.Cu
[unconnected_items]: Missing connection between items
    Local override; error
    @(203.0000 mm, 70.7700 mm): Pad 2 [VCC_3V3] of U_MCU on F.Cu
    @(203.0000 mm, 69.5000 mm): Track [VCC_3V3] on F.Cu, length 16.5800 mm
[unconnected_items]: Missing connection between items
    Local override; error
    @(203.0000 mm, 70.7700 mm): Pad 2 [VCC_3V3] of U_MCU on F.Cu
    @(203.0000 mm, 72.0400 mm): Pad 3 [VCC_3V3] of U_MCU on F.Cu
[unconnected_items]: Missing connection between items
    Local override; error
    @(234.9200 mm, 58.0000 mm): PTH pad 2 [VCC_3V3] of J_OLED
    @(203.0000 mm, 52.9200 mm): Track [VCC_3V3] on F.Cu, length 37.0000 mm
[unconnected_items]: Missing connection between items
    Local override; error
    @(236.1900 mm, 92.0000 mm): PTH pad 1 [VCC_3V3] of J_CTRL
    @(242.5400 mm, 105.0000 mm): PTH pad 3 [VCC_3V3] of U_IR
[unconnected_items]: Missing connection between items
    Local override; error
    @(237.4600 mm, 75.0000 mm): PTH pad 2 [VCC_3V3] of J_ENC
    @(240.0000 mm, 52.9200 mm): Track [VCC_3V3] on F.Cu, length 19.5400 mm
[unconnected_items]: Missing connection between items
    Local override; error
    @(237.4600 mm, 75.0000 mm): PTH pad 2 [VCC_3V3] of J_ENC
    @(236.1900 mm, 92.0000 mm): PTH pad 1 [VCC_3V3] of J_CTRL
[unconnected_items]: Missing connection between items
    Local override; error
    @(242.5400 mm, 58.0000 mm): PTH pad 5 [VCC_3V3] of J_OLED
    @(203.0000 mm, 52.9200 mm): Track [VCC_3V3] on F.Cu, length 37.0000 mm
[unconnected_items]: Missing connection between items
    Local override; error
    @(129.4000 mm, 88.8100 mm): Pad 7 [VGND_12V] of U_VOL on F.Cu
    @(134.6000 mm, 88.8100 mm): Pad 8 [VGND_12V] of U_VOL on F.Cu
[unconnected_items]: Missing connection between items
    Local override; error
    @(134.6000 mm, 88.8100 mm): Pad 8 [VGND_12V] of U_VOL on F.Cu
    @(134.6000 mm, 86.9000 mm): Track [VGND_12V] on F.Cu, length 20.0000 mm
[unconnected_items]: Missing connection between items
    Local override; error
    @(165.4000 mm, 85.6350 mm): Pad 3 [VGND_12V] of U_OP2 on F.Cu
    @(154.6000 mm, 86.9000 mm): Track [VGND_12V] on F.Cu, length 16.0000 mm
[unconnected_items]: Missing connection between items
    Local override; error
    @(58.0000 mm, 156.7000 mm): Track [AC_LIVE] on F.Cu, length 15.2562 mm
    @(46.7000 mm, 168.0000 mm): PTH pad 1 [AC_LIVE] of F1
[unconnected_items]: Missing connection between items
    Local override; error
    @(68.2500 mm, 168.0000 mm): Track [AC_LIVE] on F.Cu, length 21.9498 mm
    @(65.0800 mm, 186.0000 mm): PTH pad 1 [AC_LIVE] of J_AC
[unconnected_items]: Missing connection between items
    Local override; error
    @(54.9200 mm, 186.0000 mm): Track [AC_NEUTRAL] on F.Cu, length 7.3740 mm
    @(65.0800 mm, 186.0000 mm): Track [AC_NEUTRAL] on F.Cu, length 20.9248 mm
[unconnected_items]: Missing connection between items
    Local override; error
    @(75.7500 mm, 168.0000 mm): Track [AC_NEUTRAL] on F.Cu, length 14.1150 mm
    @(80.0000 mm, 149.4600 mm): PTH pad 3 [AC_NEUTRAL] of BR1
[unconnected_items]: Missing connection between items
    Local override; error
    @(221.0000 mm, 72.2700 mm): Track [MUTE_ALL] on F.Cu, length 44.2000 mm
    @(221.0000 mm, 69.4900 mm): Pad 38 [MUTE_ALL] of U_MCU on F.Cu
[unconnected_items]: Missing connection between items
    Local override; error
    @(199.0500 mm, 87.5000 mm): Track [RELAY_CTRL] on F.Cu, length 57.5000 mm
    @(200.0000 mm, 143.0000 mm): Pad 3 [RELAY_CTRL] of Q1 on F.Cu
[unconnected_items]: Missing connection between items
    Local override; error
    @(200.0000 mm, 143.0000 mm): Pad 3 [RELAY_CTRL] of Q1 on F.Cu
    @(206.0000 mm, 134.0000 mm): PTH pad 2 [RELAY_CTRL] of K1
[unconnected_items]: Missing connection between items
    Local override; error
    @(129.4000 mm, 82.4600 mm): Pad 2 [SPI_SCK] of U_VOL on F.Cu
    @(132.0000 mm, 78.6200 mm): Track [SPI_SCK] on F.Cu, length 1.3000 mm
[unconnected_items]: Missing connection between items
    Local override; error
    @(221.0000 mm, 75.8400 mm): Pad 33 [SPI_SCK] of U_MCU on F.Cu
    @(221.0000 mm, 78.6200 mm): Track [SPI_SCK] on F.Cu, length 19.0000 mm
[unconnected_items]: Missing connection between items
    Local override; error
    @(237.4600 mm, 58.0000 mm): PTH pad 3 [SPI_SCK] of J_OLED
    @(240.0000 mm, 78.6200 mm): Track [SPI_SCK] on F.Cu, length 23.1600 mm
[unconnected_items]: Missing connection between items
    Local override; error
    @(129.4000 mm, 83.7300 mm): Pad 3 [SPI_MOSI] of U_VOL on F.Cu
    @(132.0000 mm, 81.1600 mm): Track [SPI_MOSI] on F.Cu, length 0.0300 mm
[unconnected_items]: Missing connection between items
    Local override; error
    @(132.0000 mm, 77.3500 mm): Track [SPI_MISO] on F.Cu, length 5.1100 mm
    @(134.6000 mm, 82.4600 mm): Pad 13 [SPI_MISO] of U_VOL on F.Cu
[unconnected_items]: Missing connection between items
    Local override; error
    @(129.4000 mm, 81.1900 mm): Pad 1 [VOL_CS] of U_VOL on F.Cu
    @(129.4000 mm, 87.5000 mm): Track [VOL_CS] on F.Cu, length 4.4000 mm
[unconnected_items]: Missing connection between items
    Local override; error
    @(245.0800 mm, 58.0000 mm): PTH pad 6 [OLED_DC] of J_OLED
    @(240.0000 mm, 87.5000 mm): Track [OLED_DC] on F.Cu, length 24.4200 mm
[unconnected_items]: Missing connection between items
    Local override; error
    @(109.4000 mm, 62.5000 mm): Track [J_AUX_L] on F.Cu, length 23.7700 mm
    @(114.6000 mm, 83.0950 mm): Pad 14 [J_AUX_L] of U_MUX on F.Cu
[unconnected_items]: Missing connection between items
    Local override; error
    @(109.4000 mm, 53.1100 mm): Track [BT_OUT_L] on F.Cu, length 30.6200 mm
    @(114.6000 mm, 85.6350 mm): Pad 12 [BT_OUT_L] of U_MUX on F.Cu
[unconnected_items]: Missing connection between items
    Local override; error
    @(133.1100 mm, 62.0000 mm): PTH pad 3 [BT_OUT_L] of U_BT
    @(142.0000 mm, 53.1100 mm): Track [BT_OUT_L] on F.Cu, length 32.6000 mm
[unconnected_items]: Missing connection between items
    Local override; error
    @(135.6500 mm, 62.0000 mm): PTH pad 4 [BT_OUT_R] of U_BT
    @(142.0000 mm, 55.6500 mm): Track [BT_OUT_R] on F.Cu, length 32.6000 mm
[unconnected_items]: Missing connection between items
    Local override; error
    @(109.4000 mm, 81.8250 mm): Pad 2 [USB_R] of U_MUX on F.Cu
    @(114.6000 mm, 62.5400 mm): Track [USB_R] on F.Cu, length 25.0000 mm
[unconnected_items]: Missing connection between items
    Local override; error
    @(122.0000 mm, 62.5400 mm): Track [USB_R] on F.Cu, length 7.4000 mm
    @(124.5400 mm, 60.0000 mm): PTH pad 4 [USB_R] of J_USB_IN
[unconnected_items]: Missing connection between items
    Local override; error
    @(114.6000 mm, 84.3650 mm): Pad 13 [AUDIO_L_RAW] of U_MUX on F.Cu
    @(114.6000 mm, 85.0000 mm): Track [AUDIO_L_RAW] on F.Cu, length 14.8544 mm
[unconnected_items]: Missing connection between items
    Local override; error
    @(109.4000 mm, 83.0950 mm): Pad 3 [AUDIO_R_RAW] of U_MUX on F.Cu
    @(109.4000 mm, 83.7300 mm): Track [AUDIO_R_RAW] on F.Cu, length 25.2320 mm
[unconnected_items]: Missing connection between items
    Local override; error
    @(134.6000 mm, 86.2700 mm): Pad 10 [AUDIO_R_RAW] of U_VOL on F.Cu
    @(109.4000 mm, 83.7300 mm): Track [AUDIO_R_RAW] on F.Cu, length 25.2320 mm
[unconnected_items]: Missing connection between items
    Local override; error
    @(129.4000 mm, 87.5400 mm): Track [VOL_L] on F.Cu, length 20.0403 mm
    @(149.4000 mm, 85.6350 mm): Pad 3 [VOL_L] of U_OP1 on F.Cu
[unconnected_items]: Missing connection between items
    Local override; error
    @(170.6000 mm, 85.6350 mm): Pad 6 [VOL_L] of U_OP2 on F.Cu
    @(149.4000 mm, 85.6350 mm): Pad 3 [VOL_L] of U_OP1 on F.Cu
[unconnected_items]: Missing connection between items
    Local override; error
    @(134.6000 mm, 86.2700 mm): Track [VOL_R] on F.Cu, length 20.0403 mm
    @(134.6000 mm, 87.5400 mm): Pad 9 [VOL_R] of U_VOL on F.Cu
[unconnected_items]: Missing connection between items
    Local override; error
    @(154.6000 mm, 86.9050 mm): Pad 5 [VOL_R] of U_OP1 on F.Cu
    @(134.6000 mm, 86.2700 mm): Track [VOL_R] on F.Cu, length 20.0403 mm
[unconnected_items]: Missing connection between items
    Local override; error
    @(116.8000 mm, 131.5750 mm): Pad 14 [HPF_R] of U_AMP1 on F.Cu
    @(154.6000 mm, 84.3700 mm): Track [HPF_R] on F.Cu, length 52.1841 mm
[unconnected_items]: Missing connection between items
    Local override; error
    @(165.4000 mm, 83.1000 mm): Track [SUM_CENTER] on F.Cu, length 16.4451 mm
    @(186.6000 mm, 85.6350 mm): Pad 6 [SUM_CENTER] of U_OP3 on F.Cu
[unconnected_items]: Missing connection between items
    Local override; error
    @(181.4000 mm, 85.6350 mm): Pad 3 [SUM_SUB_RAW] of U_OP3 on F.Cu
    @(170.6000 mm, 84.3700 mm): Track [SUM_SUB_RAW] on F.Cu, length 10.8184 mm
[unconnected_items]: Missing connection between items
    Local override; error
    @(176.8000 mm, 131.5750 mm): Pad 14 [OUT_SUB] of U_AMP3 on F.Cu
    @(181.4000 mm, 83.1000 mm): Track [OUT_SUB] on F.Cu, length 42.9877 mm
[unconnected_items]: Missing connection between items
    Local override; error
    @(146.8000 mm, 131.5750 mm): Pad 14 [OUT_SR] of U_AMP2 on F.Cu
    @(153.2000 mm, 84.3700 mm): Track [OUT_SR] on F.Cu, length 41.6800 mm
[unconnected_items]: Missing connection between items
    Local override; error
    @(112.2000 mm, 156.0000 mm): Track [OUT_FL_P] on F.Cu, length 11.2201 mm
    @(123.2000 mm, 126.0500 mm): Track [OUT_FL_P] on F.Cu, length 35.6842 mm
[unconnected_items]: Missing connection between items
    Local override; error
    @(123.2000 mm, 126.0500 mm): Track [OUT_FL_P] on F.Cu, length 35.6842 mm
    @(123.2000 mm, 130.2750 mm): Pad 21 [OUT_FL_P] of U_AMP1 on F.Cu
[unconnected_items]: Missing connection between items
    Local override; error
    @(123.2000 mm, 130.2750 mm): Pad 21 [OUT_FL_P] of U_AMP1 on F.Cu
    @(123.2000 mm, 130.9250 mm): Pad 20 [OUT_FL_P] of U_AMP1 on F.Cu
[unconnected_items]: Missing connection between items
    Local override; error
    @(123.2000 mm, 127.3500 mm): Track [OUT_FL_N] on F.Cu, length 29.5902 mm
    @(124.2000 mm, 156.0000 mm): Track [OUT_FL_N] on F.Cu, length 11.2201 mm
[unconnected_items]: Missing connection between items
    Local override; error
    @(123.2000 mm, 124.4250 mm): Pad 30 [OUT_FR_P] of U_AMP1 on F.Cu
    @(123.2000 mm, 125.0750 mm): Pad 29 [OUT_FR_P] of U_AMP1 on F.Cu
[unconnected_items]: Missing connection between items
    Local override; error
    @(123.2000 mm, 125.0750 mm): Pad 29 [OUT_FR_P] of U_AMP1 on F.Cu
    @(123.2000 mm, 128.6500 mm): Track [OUT_FR_P] on F.Cu, length 28.1351 mm
[unconnected_items]: Missing connection between items
    Local override; error
    @(138.2000 mm, 156.0000 mm): Track [OUT_FR_P] on F.Cu, length 11.2201 mm
    @(123.2000 mm, 128.6500 mm): Track [OUT_FR_P] on F.Cu, length 28.1351 mm
[unconnected_items]: Missing connection between items
    Local override; error
    @(123.2000 mm, 123.1250 mm): Pad 32 [OUT_FR_N] of U_AMP1 on F.Cu
    @(123.2000 mm, 127.0250 mm): Pad 26 [OUT_FR_N] of U_AMP1 on F.Cu
[unconnected_items]: Missing connection between items
    Local override; error
    @(123.2000 mm, 127.0250 mm): Pad 26 [OUT_FR_N] of U_AMP1 on F.Cu
    @(123.2000 mm, 129.9500 mm): Track [OUT_FR_N] on F.Cu, length 32.0088 mm
[unconnected_items]: Missing connection between items
    Local override; error
    @(123.2000 mm, 129.9500 mm): Track [OUT_FR_N] on F.Cu, length 32.0088 mm
    @(150.2000 mm, 156.0000 mm): Track [OUT_FR_N] on F.Cu, length 11.2201 mm
[unconnected_items]: Missing connection between items
    Local override; error
    @(153.2000 mm, 126.0500 mm): Track [OUT_SL_P] on F.Cu, length 30.0626 mm
    @(164.2000 mm, 156.0000 mm): Track [OUT_SL_P] on F.Cu, length 11.2201 mm
[unconnected_items]: Missing connection between items
    Local override; error
    @(153.2000 mm, 128.3250 mm): Pad 24 [OUT_SL_N] of U_AMP2 on F.Cu
    @(153.2000 mm, 132.2250 mm): Pad 18 [OUT_SL_N] of U_AMP2 on F.Cu
[unconnected_items]: Missing connection between items
    Local override; error
    @(153.2000 mm, 127.3500 mm): Track [OUT_SL_N] on F.Cu, length 32.1556 mm
    @(176.2000 mm, 156.0000 mm): Track [OUT_SL_N] on F.Cu, length 11.2201 mm
[unconnected_items]: Missing connection between items
    Local override; error
    @(112.2000 mm, 172.0000 mm): Track [OUT_SR_P] on F.Cu, length 11.2201 mm
    @(153.2000 mm, 128.6500 mm): Track [OUT_SR_P] on F.Cu, length 65.7235 mm
[unconnected_items]: Missing connection between items
    Local override; error
    @(153.2000 mm, 125.0750 mm): Pad 29 [OUT_SR_P] of U_AMP2 on F.Cu
    @(153.2000 mm, 124.4250 mm): Pad 30 [OUT_SR_P] of U_AMP2 on F.Cu
[unconnected_items]: Missing connection between items
    Local override; error
    @(153.2000 mm, 125.0750 mm): Pad 29 [OUT_SR_P] of U_AMP2 on F.Cu
    @(153.2000 mm, 128.6500 mm): Track [OUT_SR_P] on F.Cu, length 65.7235 mm
[unconnected_items]: Missing connection between items
    Local override; error
    @(124.2000 mm, 172.0000 mm): Track [OUT_SR_N] on F.Cu, length 11.2201 mm
    @(153.2000 mm, 129.9500 mm): Track [OUT_SR_N] on F.Cu, length 56.2758 mm
[unconnected_items]: Missing connection between items
    Local override; error
    @(153.2000 mm, 123.1250 mm): Pad 32 [OUT_SR_N] of U_AMP2 on F.Cu
    @(153.2000 mm, 127.0250 mm): Pad 26 [OUT_SR_N] of U_AMP2 on F.Cu
[unconnected_items]: Missing connection between items
    Local override; error
    @(153.2000 mm, 127.0250 mm): Pad 26 [OUT_SR_N] of U_AMP2 on F.Cu
    @(153.2000 mm, 129.9500 mm): Track [OUT_SR_N] on F.Cu, length 56.2758 mm
[unconnected_items]: Missing connection between items
    Local override; error
    @(183.2000 mm, 126.0500 mm): Track [OUT_C_P] on F.Cu, length 70.4483 mm
    @(138.2000 mm, 172.0000 mm): Track [OUT_C_P] on F.Cu, length 11.2201 mm
[unconnected_items]: Missing connection between items
    Local override; error
    @(183.2000 mm, 130.2750 mm): Pad 21 [OUT_C_P] of U_AMP3 on F.Cu
    @(183.2000 mm, 126.0500 mm): Track [OUT_C_P] on F.Cu, length 70.4483 mm
[unconnected_items]: Missing connection between items
    Local override; error
    @(183.2000 mm, 130.9250 mm): Pad 20 [OUT_C_P] of U_AMP3 on F.Cu
    @(183.2000 mm, 130.2750 mm): Pad 21 [OUT_C_P] of U_AMP3 on F.Cu
[unconnected_items]: Missing connection between items
    Local override; error
    @(150.2000 mm, 172.0000 mm): Track [OUT_C_N] on F.Cu, length 11.2201 mm
    @(183.2000 mm, 127.3500 mm): Track [OUT_C_N] on F.Cu, length 60.8899 mm
[unconnected_items]: Missing connection between items
    Local override; error
    @(183.2000 mm, 128.3250 mm): Pad 24 [OUT_C_N] of U_AMP3 on F.Cu
    @(183.2000 mm, 132.2250 mm): Pad 18 [OUT_C_N] of U_AMP3 on F.Cu
[unconnected_items]: Missing connection between items
    Local override; error
    @(164.2000 mm, 172.0000 mm): Track [OUT_SUB_P] on F.Cu, length 11.2201 mm
    @(183.2000 mm, 128.6500 mm): Track [OUT_SUB_P] on F.Cu, length 51.2834 mm
[unconnected_items]: Missing connection between items
    Local override; error
    @(183.2000 mm, 124.4250 mm): Pad 30 [OUT_SUB_P] of U_AMP3 on F.Cu
    @(183.2000 mm, 125.0750 mm): Pad 29 [OUT_SUB_P] of U_AMP3 on F.Cu
[unconnected_items]: Missing connection between items
    Local override; error
    @(183.2000 mm, 128.6500 mm): Track [OUT_SUB_P] on F.Cu, length 51.2834 mm
    @(183.2000 mm, 125.0750 mm): Pad 29 [OUT_SUB_P] of U_AMP3 on F.Cu
[unconnected_items]: Missing connection between items
    Local override; error
    @(183.2000 mm, 129.9500 mm): Track [OUT_SUB_N] on F.Cu, length 44.7813 mm
    @(176.2000 mm, 172.0000 mm): Track [OUT_SUB_N] on F.Cu, length 11.2201 mm
[unconnected_items]: Missing connection between items
    Local override; error
    @(183.2000 mm, 127.0250 mm): Pad 26 [OUT_SUB_N] of U_AMP3 on F.Cu
    @(183.2000 mm, 123.1250 mm): Pad 32 [OUT_SUB_N] of U_AMP3 on F.Cu
[unconnected_items]: Missing connection between items
    Local override; error
    @(183.2000 mm, 129.9500 mm): Track [OUT_SUB_N] on F.Cu, length 44.7813 mm
    @(183.2000 mm, 127.0250 mm): Pad 26 [OUT_SUB_N] of U_AMP3 on F.Cu
[unconnected_items]: Missing connection between items
    Local override; error
    @(247.6200 mm, 58.0000 mm): PTH pad 7 [OLED_CS] of J_OLED
    @(240.0000 mm, 87.5000 mm): Track [OLED_CS] on F.Cu, length 21.8800 mm
[unconnected_items]: Missing connection between items
    Local override; error
    @(217.7700 mm, 87.5000 mm): Track [MUX_A] on F.Cu, length 103.1700 mm
    @(114.6000 mm, 88.1750 mm): Pad 10 [MUX_A] of U_MUX on F.Cu
[unconnected_items]: Missing connection between items
    Local override; error
    @(114.6000 mm, 87.5000 mm): Track [MUX_B] on F.Cu, length 2.5000 mm
    @(114.6000 mm, 89.4450 mm): Pad 9 [MUX_B] of U_MUX on F.Cu
[unconnected_items]: Missing connection between items
    Local override; error
    @(203.0000 mm, 75.8500 mm): Pad 6 [NTC_ADC] of U_MCU on F.Cu
    @(203.0000 mm, 70.7700 mm): Track [NTC_ADC] on F.Cu, length 23.0000 mm
[unconnected_items]: Missing connection between items
    Local override; error
    @(203.0000 mm, 72.0400 mm): Track [DC_OFFSET_ADC] on F.Cu, length 15.0000 mm
    @(203.0000 mm, 74.5800 mm): Pad 5 [DC_OFFSET_ADC] of U_MCU on F.Cu
[unconnected_items]: Missing connection between items
    Local override; error
    @(221.0000 mm, 70.7600 mm): Pad 37 [IR_RECV] of U_MCU on F.Cu
    @(221.0000 mm, 73.5400 mm): Track [IR_RECV] on F.Cu, length 19.0000 mm
[unconnected_items]: Missing connection between items
    Local override; error
    @(237.4600 mm, 105.0000 mm): PTH pad 1 [IR_RECV] of U_IR
    @(240.0000 mm, 73.5400 mm): Track [IR_RECV] on F.Cu, length 31.4600 mm
[unconnected_items]: Missing connection between items
    Local override; error
    @(221.0000 mm, 72.0300 mm): Pad 36 [ENC_A] of U_MCU on F.Cu
    @(221.0000 mm, 74.8100 mm): Track [ENC_A] on F.Cu, length 19.0000 mm
[unconnected_items]: Missing connection between items
    Local override; error
    @(245.0800 mm, 75.0000 mm): PTH pad 5 [ENC_A] of J_ENC
    @(221.0000 mm, 74.8100 mm): Track [ENC_A] on F.Cu, length 19.0000 mm
[unconnected_items]: Missing connection between items
    Local override; error
    @(221.0000 mm, 73.3000 mm): Pad 35 [ENC_B] of U_MCU on F.Cu
    @(221.0000 mm, 76.0800 mm): Track [ENC_B] on F.Cu, length 19.0000 mm
[unconnected_items]: Missing connection between items
    Local override; error
    @(240.0000 mm, 76.0800 mm): Track [ENC_B] on F.Cu, length 1.4600 mm
    @(242.5400 mm, 75.0000 mm): PTH pad 4 [ENC_B] of J_ENC
[unconnected_items]: Missing connection between items
    Local override; error
    @(221.0000 mm, 74.5700 mm): Pad 34 [ENC_SW] of U_MCU on F.Cu
    @(221.0000 mm, 77.3500 mm): Track [ENC_SW] on F.Cu, length 19.0000 mm
[unconnected_items]: Missing connection between items
    Local override; error
    @(238.7300 mm, 92.0000 mm): PTH pad 2 [UART_TX] of J_CTRL
    @(240.0000 mm, 82.4300 mm): Track [UART_TX] on F.Cu, length 8.3000 mm
[unconnected_items]: Missing connection between items
    Local override; error
    @(240.0000 mm, 83.7000 mm): Track [UART_RX] on F.Cu, length 9.5700 mm
    @(241.2700 mm, 92.0000 mm): PTH pad 3 [UART_RX] of J_CTRL
[unconnected_items]: Missing connection between items
    Local override; error
    @(138.1900 mm, 62.0000 mm): PTH pad 5 [BT_KEY] of U_BT
    @(221.0000 mm, 79.6500 mm): Pad 30 [BT_KEY] of U_MCU on F.Cu

** Found 0 Footprint errors **

** Ignored checks **
    - Footprint has no courtyard defined
    - Track endpoint not centered on via
    - Tuning profile track geometries
    - Footprint doesn't match symbol's footprint filters
    - Footprint component type doesn't match footprint pads

** End of Report **
